product_id,product_name,category,brand,price,rating_avg_clean,stock_quantity,total_views,total_clicks,total_add_to_cart,total_purchase_rows,total_revenue,ctr_percent,click_to_purchase_rate_percent,opportunity_type,recommendation
c1ab2206-9b50-4aaa-9446-f322d0976ea6,The Data Structures: A Comprehensive Guide,Books,Simon & Schuster,19.97,3.9,5000,1954,734,467,43,1669.2,37.56,5.86,High Cart - Low Purchase,"Evaluate shipping cost, checkout friction, cart reminder, discount, and payment convenience."
2e1a3d22-2a05-4b6e-bfd8-4b5d5dab3009,Michelin Heavy-Duty Car Accessorie,Automotive,Michelin,40.15,4.7,10,1309,488,298,29,1325.89,37.28,5.94,High Cart - Low Purchase,"Evaluate shipping cost, checkout friction, cart reminder, discount, and payment convenience."
a060bcab-a7c8-45ea-823c-acda21f21c7b,Cuisinart Modern Lighting,Home & Kitchen,Cuisinart,21.67,5.0,39,122,47,33,3,63.55,38.52,6.38,High Cart - Low Purchase,"Evaluate shipping cost, checkout friction, cart reminder, discount, and payment convenience."
eb5e1d1d-8dff-4a1f-b019-87b266f12881,NOCO Car Care Kit,Automotive,NOCO,176.55,4.0,1,103,37,33,3,1079.21,35.92,8.11,High Cart - Low Purchase,"Evaluate shipping cost, checkout friction, cart reminder, discount, and payment convenience."
255578d3-3ac1-4b89-a398-b5522a1ca483,Samsung Pro Mirrorless Camera,Electronics,Samsung,338.3,5.0,3,81,32,21,2,688.07,39.51,6.25,High Cart - Low Purchase,"Evaluate shipping cost, checkout friction, cart reminder, discount, and payment convenience."
1776d6e9-cd02-4b90-b7bb-50156ed4ca06,"Samsung Essential 17"" Display Tablet",Electronics,Samsung,31.93,,3,52,16,13,1,30.73,30.77,6.25,High Cart - Low Purchase,"Evaluate shipping cost, checkout friction, cart reminder, discount, and payment convenience."
107fe93b-2caa-4f40-8f85-aa22394e764b,Spalding Outdoor Recreation Set,Sports & Outdoors,Spalding,151.39,,1,42,20,12,1,151.48,47.62,5.0,High Cart - Low Purchase,"Evaluate shipping cost, checkout friction, cart reminder, discount, and payment convenience."
f829c8e9-9729-48aa-baf8-122cb2eb1d21,Samsung Air Over-Ear Headphones,Electronics,Samsung,176.98,5.0,18,36,13,14,1,338.88,36.11,7.69,High Cart - Low Purchase,"Evaluate shipping cost, checkout friction, cart reminder, discount, and payment convenience."
89346311-6daa-4ff8-bc93-1872f795a3e4,Nike Gold-Plated Jewelry,Clothing & Accessories,Nike,48.96,5.0,1,33,17,11,1,49.2,51.52,5.88,High Cart - Low Purchase,"Evaluate shipping cost, checkout friction, cart reminder, discount, and payment convenience."
bf7c5518-5208-4f78-9552-7dd43c26e179,Maybelline Bath & Body Butter,Beauty & Personal Care,Maybelline,19.63,,1,33,7,11,1,18.82,21.21,14.29,High Cart - Low Purchase,"Evaluate shipping cost, checkout friction, cart reminder, discount, and payment convenience."
3432e9ed-d6bf-489c-9a63-2f6b63759434,WeatherTech Synthetic Fluid,Automotive,WeatherTech,16.31,,42,33,17,12,1,16.28,51.52,5.88,High Cart - Low Purchase,"Evaluate shipping cost, checkout friction, cart reminder, discount, and payment convenience."
7cdf9131-b156-41ee-901a-cdd51984ba9c,Nike Amethyst Jewelry,Clothing & Accessories,Nike,46.16,2.5,1,19,7,11,1,90.92,36.84,14.29,High Cart - Low Purchase,"Evaluate shipping cost, checkout friction, cart reminder, discount, and payment convenience."
e5cd5b01-94fc-42ef-b787-9ef2623fb03d,KitchenAid Furniture Set,Home & Kitchen,KitchenAid,33.67,5.0,1,182,86,33,3,173.27,47.25,3.49,High Click - Low Purchase,"Improve product page quality, description clarity, pricing, reviews, and trust signals."
e0eedfb6-a73e-4576-a467-254f95fa2e5e,Le Creuset Classic Appliance,Home & Kitchen,Le Creuset,117.52,1.0,6,153,50,25,1,121.9,32.68,2.0,High Click - Low Purchase,"Improve product page quality, description clarity, pricing, reviews, and trust signals."
f7d00f98-d143-46e7-ac9f-4e56089dab8c,Acer Accessorie Adapter,Electronics,Acer,37.55,3.0,1,148,67,22,2,73.25,45.27,2.99,High Click - Low Purchase,"Improve product page quality, description clarity, pricing, reviews, and trust signals."
964b36d0-bc20-40bc-8e1b-930dca2a6b31,KitchenAid Smart Appliance,Home & Kitchen,KitchenAid,25.43,4.0,1,121,48,21,2,75.12,39.67,4.17,High Click - Low Purchase,"Improve product page quality, description clarity, pricing, reviews, and trust signals."
eccc757e-5fbb-4601-84c8-d947bf6b76da,Apple Accessorie Cable,Electronics,Apple,52.23,4.0,67,103,41,17,1,54.64,39.81,2.44,High Click - Low Purchase,"Improve product page quality, description clarity, pricing, reviews, and trust signals."
cf301c21-300a-451e-ae20-31f93b065422,Apple Accessorie Charger,Electronics,Apple,225.99,2.0,1,100,35,20,1,222.11,35.0,2.86,High Click - Low Purchase,"Improve product page quality, description clarity, pricing, reviews, and trust signals."
4443c97f-0e31-4d06-8bce-d0987a75218e,Spalding Max6 Cycling,Sports & Outdoors,Spalding,39.21,3.5,66,85,43,19,2,196.79,50.59,4.65,High Click - Low Purchase,"Improve product page quality, description clarity, pricing, reviews, and trust signals."
add54b88-7fbc-4bd9-99e1-42fc308f3f72,Adidas Classic Fit Menswear,Clothing & Accessories,Adidas,30.96,5.0,2,81,32,13,1,32.37,39.51,3.13,High Click - Low Purchase,"Improve product page quality, description clarity, pricing, reviews, and trust signals."
bdd95c9d-a410-4b6d-84cc-1bc90cae699c,Cuisinart Denim Kitchenware,Home & Kitchen,Cuisinart,39.52,,1,69,35,16,1,41.28,50.72,2.86,High Click - Low Purchase,"Improve product page quality, description clarity, pricing, reviews, and trust signals."
42f9572a-31c3-4d9f-9fb1-ae2e8598ef45,Bosch Car Accessorie - Beige,Automotive,Bosch,66.98,5.0,1,68,25,14,1,68.69,36.76,4.0,High Click - Low Purchase,"Improve product page quality, description clarity, pricing, reviews, and trust signals."
6a0a57f4-080a-43ec-9a43-e8503602e4d7,KitchenAid Decorative Home Decor,Home & Kitchen,KitchenAid,83.06,,1,64,26,16,1,84.92,40.63,3.85,High Click - Low Purchase,"Improve product page quality, description clarity, pricing, reviews, and trust signals."
1e9375d3-32a3-4855-9af4-f0d384694c2b,Apple X12 Activity Band,Electronics,Apple,13.8,,6,62,24,18,1,14.11,38.71,4.17,High Click - Low Purchase,"Improve product page quality, description clarity, pricing, reviews, and trust signals."
9fc09c6f-3d90-4b33-a950-cc9b977df8ed,Castrol Universal Car Accessorie,Automotive,Castrol,55.11,,96,58,32,16,0,0.0,55.17,0.0,High Click - Low Purchase,"Improve product page quality, description clarity, pricing, reviews, and trust signals."
233ea18b-ca97-4371-ba51-51731e512c3a,Apple Prime Prime5,Electronics,Apple,175.72,,2,48,22,10,0,0.0,45.83,0.0,High Click - Low Purchase,"Improve product page quality, description clarity, pricing, reviews, and trust signals."
520cf0b3-8fe9-42ba-a245-f42e60a656d9,Wilson Edge13 Camping Gear,Sports & Outdoors,Wilson,29.52,,8,44,20,14,0,0.0,45.45,0.0,High Click - Low Purchase,"Improve product page quality, description clarity, pricing, reviews, and trust signals."
9f37c7b4-34bb-46db-ab34-4b6ad2884c5f,Head Max1 Fitness Equipment,Sports & Outdoors,Head,72.87,,10,39,26,15,0,0.0,66.67,0.0,High Click - Low Purchase,"Improve product page quality, description clarity, pricing, reviews, and trust signals."
6ef410a7-f23b-4267-8fd8-3d3e857760ec,Cuisinart Ultra-Soft Bedding,Home & Kitchen,Cuisinart,34.76,,2,38,21,9,1,33.84,55.26,4.76,High Click - Low Purchase,"Improve product page quality, description clarity, pricing, reviews, and trust signals."
e7234ca8-c931-4f65-8aaa-f628e9aabdae,Apple Air Over-Ear Headphones,Electronics,Apple,299.6,,538,38,20,5,0,0.0,52.63,0.0,High Click - Low Purchase,"Improve product page quality, description clarity, pricing, reviews, and trust signals."
6e9b539a-77ad-4307-acb5-f558f8b5cc6f,Apple Accessorie Stand,Electronics,Apple,70.02,4.1,1,3329,1348,830,84,6140.92,40.49,6.23,High Revenue - Low Stock,Prioritize stock replenishment for high-performing products.
eaaf2b74-b09a-4bf5-b0b2-09021044cab8,Instant Pot Microfiber Kitchenware,Home & Kitchen,Instant Pot,94.87,4.2,2,1629,724,404,41,5218.45,44.44,5.66,High Revenue - Low Stock,Prioritize stock replenishment for high-performing products.
1660a6f2-7ef5-4f47-a4aa-e917f41e014e,Tommy Hilfiger Womenswear Dress,Clothing & Accessories,Tommy Hilfiger,56.68,3.8,1,1461,587,359,37,2503.33,40.18,6.3,High Revenue - Low Stock,Prioritize stock replenishment for high-performing products.
25a6c99c-d63c-4697-91ef-744b7879d605,Post-it Premium Stationery Set,Office Products,Post-it,45.91,4.1,1,1330,477,298,34,1926.2,35.86,7.13,High Revenue - Low Stock,Prioritize stock replenishment for high-performing products.
dbe68f3f-99a8-4ef2-a103-908a6fca244d,Wilson Fitness Equipment Pro,Sports & Outdoors,Wilson,49.13,3.9,4,1264,511,300,55,3471.85,40.43,10.76,High Revenue - Low Stock,Prioritize stock replenishment for high-performing products.
c2e39751-db17-424f-8d71-61ec7ecad424,Neutrogena Bath & Body Lotion,Beauty & Personal Care,Neutrogena,33.8,4.3,1,1073,504,259,37,1818.69,46.97,7.34,High Revenue - Low Stock,Prioritize stock replenishment for high-performing products.
d3701c21-709a-4090-bab2-020261ce8a92,Cuisinart Smart Appliance,Home & Kitchen,Cuisinart,44.48,4.2,5,1061,426,262,41,2363.42,40.15,9.62,High Revenue - Low Stock,Prioritize stock replenishment for high-performing products.
88f38eae-9124-4557-a285-248fc1cad30c,Nestle Pantry Staple Multipack,Grocery & Gourmet,Nestle,7.74,4.1,8,1045,415,246,32,433.08,39.71,7.71,High Revenue - Low Stock,Prioritize stock replenishment for high-performing products.
26fa0037-c745-4789-8a44-9f3dfb7f25f7,General Mills Organic Snack,Grocery & Gourmet,General Mills,18.44,3.7,9,1022,422,241,28,1087.82,41.29,6.64,High Revenue - Low Stock,Prioritize stock replenishment for high-performing products.
bbc99c6e-1552-4677-8a8f-61a2e541e6c8,Apple Book4 Ultrabook,Electronics,Apple,259.07,3.9,4,746,300,164,28,7202.93,40.21,9.33,High Revenue - Low Stock,Prioritize stock replenishment for high-performing products.
f81e1fd5-a01b-4fbe-81d6-5dc5ab19b03c,Castrol Prime7 Electronic,Automotive,Castrol,120.75,4.8,1,692,259,180,19,2791.99,37.43,7.34,High Revenue - Low Stock,Prioritize stock replenishment for high-performing products.
8b875a73-88df-44ff-966d-5649d7a14d31,Nike Womenswear in Olive,Clothing & Accessories,Nike,64.5,4.2,2,680,247,157,27,2170.9,36.32,10.93,High Revenue - Low Stock,Prioritize stock replenishment for high-performing products.
854f59a0-38d4-4e20-b346-43eca5ccb8cb,Nike Classic Accessorie,Clothing & Accessories,Nike,24.95,4.2,1,642,266,127,23,815.74,41.43,8.65,High Revenue - Low Stock,Prioritize stock replenishment for high-performing products.
3b27636c-a2bd-4c64-b03c-ac8bf64ce0bc,Pyrex Smart Appliance,Home & Kitchen,Pyrex,23.87,4.3,1,597,219,134,19,502.94,36.68,8.68,High Revenue - Low Stock,Prioritize stock replenishment for high-performing products.
111606d4-51dd-4751-b620-03fca7a12881,Neutrogena Drift Perfume Spray,Beauty & Personal Care,Neutrogena,16.61,3.8,3,475,191,111,22,481.56,40.21,11.52,High Revenue - Low Stock,Prioritize stock replenishment for high-performing products.
38a8eed8-1628-47df-a1b8-cad63728f040,The portable Guide to Psychology,Books,Penguin Books,47.12,4.9,2,454,178,100,13,1088.3,39.21,7.3,High Revenue - Low Stock,Prioritize stock replenishment for high-performing products.
43a517c2-190a-4bc1-b77b-4d88936ee641,Instant Pot Professional Kitchenware,Home & Kitchen,Instant Pot,28.2,4.6,6,450,161,97,18,565.41,35.78,11.18,High Revenue - Low Stock,Prioritize stock replenishment for high-performing products.
fc8ff5d6-2425-45fd-9562-7e24de9f7cd1,Michelin Tools & Equipment Kit,Automotive,Michelin,121.84,3.5,3,419,171,117,13,1977.11,40.81,7.6,High Revenue - Low Stock,Prioritize stock replenishment for high-performing products.
6d7c422e-e9bc-432a-98f7-7c8829437f0b,Cuisinart Modern Home Decor,Home & Kitchen,Cuisinart,34.48,3.9,1,396,169,94,14,622.35,42.68,8.28,High Revenue - Low Stock,Prioritize stock replenishment for high-performing products.
920b6f6f-d113-4b7a-861b-b6bda3de9fdc,Professional Entrepreneurship: The Advanced Concepts Explained,Books,Penguin Books,19.46,4.8,1,396,145,99,14,489.07,36.62,9.66,High Revenue - Low Stock,Prioritize stock replenishment for high-performing products.
bc7a0ca1-564a-47cf-a592-8c5e99a37981,LEGO Garden 1000 Piece Puzzle,Toys & Games,LEGO,62.21,4.5,1,374,165,116,18,1202.4,44.12,10.91,High Revenue - Low Stock,Prioritize stock replenishment for high-performing products.
ee5bfbb8-e261-4dd3-bec7-696e2aa69c4b,Nike Premium Menswear,Clothing & Accessories,Nike,36.5,4.1,1,365,146,78,12,745.32,40.0,8.22,High Revenue - Low Stock,Prioritize stock replenishment for high-performing products.
6651c3ab-c7be-4131-b324-68bd0218eb2c,Timberland Camping Gear Kit,Sports & Outdoors,Timberland,69.2,4.3,4,313,123,70,19,1795.58,39.3,15.45,High Revenue - Low Stock,Prioritize stock replenishment for high-performing products.
76dbc26a-427f-4433-9bb5-43dddd1adbcd,Neutrogena Liquid Makeup,Beauty & Personal Care,Neutrogena,27.71,4.5,1,276,128,77,11,334.09,46.38,8.59,High Revenue - Low Stock,Prioritize stock replenishment for high-performing products.
5d836ef6-20f0-47c1-9a54-791a4bfeded1,Nike Accessorie - Blue,Clothing & Accessories,Nike,16.78,3.5,7,274,123,59,10,218.01,44.89,8.13,High Revenue - Low Stock,Prioritize stock replenishment for high-performing products.
1f557280-639d-4bf5-a7be-9c137ac2d6fe,Lenovo Pro Noise-Canceling Headphones,Electronics,Lenovo,106.84,4.0,1,261,103,57,6,641.84,39.46,5.83,High Revenue - Low Stock,Prioritize stock replenishment for high-performing products.
5de0a820-43c1-4d74-b371-3bb4e115ce33,Dyson Modern Home Decor,Home & Kitchen,Dyson,35.02,3.4,4,255,89,66,8,346.04,34.9,8.99,High Revenue - Low Stock,Prioritize stock replenishment for high-performing products.
950d95f6-b403-4051-baa8-e633fa36f1f3,Spalding Cycling Pro,Sports & Outdoors,Spalding,41.04,3.5,1,228,96,63,10,618.52,42.11,10.42,High Revenue - Low Stock,Prioritize stock replenishment for high-performing products.
0c70a612-d55e-4879-9bce-299d323437f3,Bosch Tools & Equipment Set,Automotive,Bosch,78.06,3.8,1,225,77,43,15,1398.94,34.22,19.48,High Revenue - Low Stock,Prioritize stock replenishment for high-performing products.
4ebe94fb-6705-4f36-96df-cb464c559568,L'Oreal Bloom Cologne,Beauty & Personal Care,L'Oreal,42.49,4.6,9,223,70,66,13,685.13,31.39,18.57,High Revenue - Low Stock,Prioritize stock replenishment for high-performing products.
d70d14b8-4566-4d3d-b9b3-eee857b374c0,Samsung X9 Fitness Tracker,Electronics,Samsung,258.43,4.8,1,203,62,39,6,1803.13,30.54,9.68,High Revenue - Low Stock,Prioritize stock replenishment for high-performing products.
c6e6f549-6d3f-41a8-aad5-d0e89af54109,Post-it Compact Office Furniture,Office Products,Post-it,67.62,4.0,3,199,70,46,7,543.19,35.18,10.0,High Revenue - Low Stock,Prioritize stock replenishment for high-performing products.
35bf8754-29bb-463a-a710-839011ee78ab,Pyrex Premium Kitchenware,Home & Kitchen,Pyrex,54.98,4.3,1,196,76,52,11,829.02,38.78,14.47,High Revenue - Low Stock,Prioritize stock replenishment for high-performing products.
d5cef23f-a2f0-4644-bb6b-a60fd2dcc723,Spalding Adjustable Fitness Equipment,Sports & Outdoors,Spalding,53.29,4.5,8,193,76,40,4,211.62,39.38,5.26,High Revenue - Low Stock,Prioritize stock replenishment for high-performing products.
acb66a10-72b5-4b52-b692-ceb7da8ce3f9,Coleman Team Sport Set,Sports & Outdoors,Coleman,119.06,3.3,2,189,80,49,5,711.58,42.33,6.25,High Revenue - Low Stock,Prioritize stock replenishment for high-performing products.
e9019929-566e-4350-9366-5173f5896890,Wilson Premium Fitness Equipment,Sports & Outdoors,Wilson,36.05,3.3,1,188,79,46,9,357.68,42.02,11.39,High Revenue - Low Stock,Prioritize stock replenishment for high-performing products.
15aab0b8-557b-4fed-b273-06eee86de77d,L'Oreal Haircare Shampoo,Beauty & Personal Care,L'Oreal,46.86,4.0,1,186,59,43,9,620.06,31.72,15.25,High Revenue - Low Stock,Prioritize stock replenishment for high-performing products.
fac9f7cb-7484-4330-bd8a-42565f5794cb,L'Oreal Liquid Makeup,Beauty & Personal Care,L'Oreal,16.32,4.8,1,185,66,55,7,164.17,35.68,10.61,High Revenue - Low Stock,Prioritize stock replenishment for high-performing products.
c0e91f99-9cb4-4ee4-8ccc-06c6bb4f73a5,"LEGO Leo 15.6"" Figure",Toys & Games,LEGO,21.46,4.5,1,183,76,42,8,215.34,41.53,10.53,High Revenue - Low Stock,Prioritize stock replenishment for high-performing products.
56afe0c3-52da-439b-83c2-e7eedb2324de,Tommy Hilfiger Casual Womenswear,Clothing & Accessories,Tommy Hilfiger,29.24,3.9,3,179,80,47,7,260.81,44.69,8.75,High Revenue - Low Stock,Prioritize stock replenishment for high-performing products.
5ad1dceb-cb0e-4de9-89e6-f7c4c6abda23,Staples Premium Stationery Set,Office Products,Staples,33.3,2.5,1,176,59,30,8,395.85,33.52,13.56,High Revenue - Low Stock,Prioritize stock replenishment for high-performing products.
920a8047-d219-4f21-bf1e-9904f1097bad,Bosch Prime6 Electronic,Automotive,Bosch,10.56,4.2,1,176,68,44,10,158.97,38.64,14.71,High Revenue - Low Stock,Prioritize stock replenishment for high-performing products.
feb4aa01-7ff9-4af7-a308-7d2aa93e9698,Adidas Classic Fit Menswear,Clothing & Accessories,Adidas,66.81,4.0,1,170,81,44,8,604.51,47.65,9.88,High Revenue - Low Stock,Prioritize stock replenishment for high-performing products.
7fbbb644-604b-48d2-a2d3-9b8d6c16f889,Patagonia Accessorie Set,Clothing & Accessories,Patagonia,18.49,3.7,2,162,73,47,10,236.05,45.06,13.7,High Revenue - Low Stock,Prioritize stock replenishment for high-performing products.
b6fdd176-e7cc-4d06-aaef-cf87a05aa90c,De'Longhi Modern Home Decor,Home & Kitchen,De'Longhi,31.83,3.2,1,158,70,30,4,125.05,44.3,5.71,High Revenue - Low Stock,Prioritize stock replenishment for high-performing products.
09103a95-db77-427f-82f9-14d9d18d0a88,Staples Ergonomic Office Furniture,Office Products,Staples,76.31,4.2,1,155,57,48,10,1221.71,36.77,17.54,High Revenue - Low Stock,Prioritize stock replenishment for high-performing products.
d477e2b1-796a-4d3e-9c83-a22d09ade40a,Adidas Menswear in Cobalt,Clothing & Accessories,Adidas,49.26,4.0,1,140,50,30,10,686.34,35.71,20.0,High Revenue - Low Stock,Prioritize stock replenishment for high-performing products.
f4cc0e61-c082-4e87-a185-0cab28cf34d5,Coleman Team Sport Set,Sports & Outdoors,Coleman,93.44,4.0,1,138,57,24,5,461.42,41.3,8.77,High Revenue - Low Stock,Prioritize stock replenishment for high-performing products.
7efed94c-fc66-418b-89ea-5763fe86228b,Apple Ultra Over-Ear Headphones,Electronics,Apple,259.52,5.0,5,129,55,19,3,777.18,42.64,5.45,High Revenue - Low Stock,Prioritize stock replenishment for high-performing products.
6dc7a3f9-d94d-4f3a-bc57-883c89de9309,Nike Classic Fit Menswear,Clothing & Accessories,Nike,23.51,4.0,4,128,49,29,8,351.54,38.28,16.33,High Revenue - Low Stock,Prioritize stock replenishment for high-performing products.
54384ed6-2c87-44d7-8372-faccc44614e7,Post-it Compact Printer,Office Products,Post-it,18.6,4.0,5,128,56,30,3,88.99,43.75,5.36,High Revenue - Low Stock,Prioritize stock replenishment for high-performing products.
47fa2b1f-bc05-45c7-8bca-b528774942f0,Nike Casual Menswear,Clothing & Accessories,Nike,34.83,5.0,5,127,63,32,4,138.05,49.61,6.35,High Revenue - Low Stock,Prioritize stock replenishment for high-performing products.
d774c7a8-e8a7-4379-a26e-2f1299b393fc,Nerf Luna Action Figure,Toys & Games,Nerf,25.49,2.0,2,127,44,28,4,103.57,34.65,9.09,High Revenue - Low Stock,Prioritize stock replenishment for high-performing products.
684ddd4e-85c7-4969-8e1e-224a92f777c2,Samsung Pixel1 Smartphone,Electronics,Samsung,328.03,4.0,2,123,55,27,5,1995.03,44.72,9.09,High Revenue - Low Stock,Prioritize stock replenishment for high-performing products.
35dfd05c-b23d-4671-9196-2c2d979999ef,Neutrogena Matte Makeup,Beauty & Personal Care,Neutrogena,8.91,3.3,8,118,49,22,3,26.43,41.53,6.12,High Revenue - Low Stock,Prioritize stock replenishment for high-performing products.
356b91c4-74fa-4ed5-8a5c-6a6f740905ce,Apple Classic Over-Ear Headphones,Electronics,Apple,157.6,5.0,2,111,48,31,7,1105.19,43.24,14.58,High Revenue - Low Stock,Prioritize stock replenishment for high-performing products.
018b6e1e-f0ef-4e47-b67a-6e3efaebcfa8,Nike Ultra Sandals,Clothing & Accessories,Nike,9.78,3.0,5,111,44,29,4,58.46,39.64,9.09,High Revenue - Low Stock,Prioritize stock replenishment for high-performing products.
b73b38a1-df92-44b3-bfd8-e3189d42f74f,Apple X1 Activity Band,Electronics,Apple,34.92,3.0,1,109,35,23,4,173.9,32.11,11.43,High Revenue - Low Stock,Prioritize stock replenishment for high-performing products.
f90833ef-1b54-4103-9584-9d2cd2bcca3a,An Robust Aurora - Nintendo Switch Edition,Toys & Games,Mattel,28.12,4.5,1,108,58,27,6,196.54,53.7,10.34,High Revenue - Low Stock,Prioritize stock replenishment for high-performing products.
c2a06d28-ff18-4026-b93f-2f76b2672382,"L'Oreal Skincare - 17""",Beauty & Personal Care,L'Oreal,34.07,5.0,1,107,33,20,4,136.13,30.84,12.12,High Revenue - Low Stock,Prioritize stock replenishment for high-performing products.
5db7f68a-425d-4723-a09f-5b4d0d50d58d,Post-it Adjustable Office Furniture,Office Products,Post-it,69.04,4.0,1,105,56,23,5,341.47,53.33,8.93,High Revenue - Low Stock,Prioritize stock replenishment for high-performing products.
a0c63932-3335-49e7-b637-8d3b0c7680f8,L'Oreal Skincare Cream,Beauty & Personal Care,L'Oreal,33.78,3.5,2,101,33,19,4,199.62,32.67,12.12,High Revenue - Low Stock,Prioritize stock replenishment for high-performing products.
4adc622b-3ed0-49b5-bf25-14d639a2d82c,Logitech Studio Galaxy16,Electronics,Logitech,40.76,4.0,1,100,58,23,7,286.18,58.0,12.07,High Revenue - Low Stock,Prioritize stock replenishment for high-performing products.
7456c135-43ce-490d-a888-655e928519ac,3M Adjustable Office Furniture,Office Products,3M,43.52,4.3,1,98,50,20,7,395.43,51.02,14.0,High Revenue - Low Stock,Prioritize stock replenishment for high-performing products.
4f87db9a-cec9-4e1d-b23b-871d5424db63,Goodyear Edge5 Tools & Equipment,Automotive,Goodyear,16.36,3.8,1,98,46,25,7,128.26,46.94,15.22,High Revenue - Low Stock,Prioritize stock replenishment for high-performing products.
e38d1f5f-2a70-46be-acaa-92edc3c81788,Adidas Menswear in Green,Clothing & Accessories,Adidas,68.42,4.0,1,96,32,19,3,542.03,33.33,9.38,High Revenue - Low Stock,Prioritize stock replenishment for high-performing products.
4b9c83ae-69fe-4826-ac62-bae53913ea33,Apple Accessorie Stand,Electronics,Apple,286.89,3.8,8,87,34,27,6,2318.48,39.08,17.65,High Revenue - Low Stock,Prioritize stock replenishment for high-performing products.
f9dc29bf-cc78-48d2-82bb-9a57861a022b,Nerf Midnight Science Experiment,Toys & Games,Nerf,34.94,4.5,3,87,36,17,5,274.33,41.38,13.89,High Revenue - Low Stock,Prioritize stock replenishment for high-performing products.
7e7cc56c-75d6-43ce-85be-98883fa5adff,Samsung Max9 Ultrabook,Electronics,Samsung,102.11,5.0,1,84,35,27,3,422.93,41.67,8.57,High Revenue - Low Stock,Prioritize stock replenishment for high-performing products.
3a282bc4-c6e3-46a2-9833-8d12fb90c449,PepsiCo Organic Pantry Staple,Grocery & Gourmet,PepsiCo,3.24,4.5,2,84,34,25,5,22.96,40.48,14.71,High Revenue - Low Stock,Prioritize stock replenishment for high-performing products.
d39e47ca-8c95-4450-8edb-290c06bf0b0d,Wilson Ultralight Camping Gear,Sports & Outdoors,Wilson,103.58,,7,82,33,16,2,414.75,40.24,6.06,High Revenue - Low Stock,Prioritize stock replenishment for high-performing products.
ca48b66a-b1cd-45f8-abef-741b244f0dfc,Classic of silence,Books,HarperCollins,15.7,5.0,2,82,37,20,3,78.71,45.12,8.11,High Revenue - Low Stock,Prioritize stock replenishment for high-performing products.
787b5243-feb4-42ad-bc16-d687e2579407,Nike Elite Sandals,Clothing & Accessories,Nike,17.16,3.0,1,79,31,21,5,119.27,39.24,16.13,High Revenue - Low Stock,Prioritize stock replenishment for high-performing products.
13d16283-160e-4c20-aebd-f9d6297e4c73,Samsung Prime Prime15,Electronics,Samsung,123.44,3.5,2,76,32,19,2,254.31,42.11,6.25,High Revenue - Low Stock,Prioritize stock replenishment for high-performing products.
72d5ae0b-e20d-40bc-beff-667dfb84af75,Samsung Core Smartwatch,Electronics,Samsung,21.55,5.0,3,75,23,22,4,86.21,30.67,17.39,High Revenue - Low Stock,Prioritize stock replenishment for high-performing products.
3ea4fffe-c11a-4d38-9dfd-a55452ede270,Spalding Cycling Pro,Sports & Outdoors,Spalding,53.18,4.0,2,74,27,11,3,212.4,36.49,11.11,High Revenue - Low Stock,Prioritize stock replenishment for high-performing products.
2ea7a39e-736e-4b9c-a85f-6c2f3ddab48d,Dell Pixel14 Ultrabook,Electronics,Dell,161.15,3.7,1,73,22,18,3,500.56,30.14,13.64,High Revenue - Low Stock,Prioritize stock replenishment for high-performing products.
044c6fd0-6bdf-48ea-b10c-2128c690f3fb,KitchenAid Linen Home Decor,Home & Kitchen,KitchenAid,18.89,3.0,1,72,30,14,2,58.73,41.67,6.67,High Revenue - Low Stock,Prioritize stock replenishment for high-performing products.
1af2ed68-8b17-4484-b5e9-2aab1d96497b,Schwinn Waterproof Camping Gear,Sports & Outdoors,Schwinn,42.17,5.0,1,70,24,21,6,415.48,34.29,25.0,High Revenue - Low Stock,Prioritize stock replenishment for high-performing products.
14daea5b-0057-4804-8001-4d53c7006e70,Nike Casual Womenswear,Clothing & Accessories,Nike,46.67,5.0,3,70,28,14,2,135.61,40.0,7.14,High Revenue - Low Stock,Prioritize stock replenishment for high-performing products.
25debbec-d996-4422-8c51-d35343de8bb1,Bosch Electronic Display,Automotive,Bosch,28.8,4.5,5,68,30,13,3,146.02,44.12,10.0,High Revenue - Low Stock,Prioritize stock replenishment for high-performing products.
59815d2b-d0be-46cd-bf9c-1e68398bfb97,Zara Accessorie Set,Clothing & Accessories,Zara,45.01,4.7,1,65,21,13,3,178.69,32.31,14.29,High Revenue - Low Stock,Prioritize stock replenishment for high-performing products.
f2dbc3f9-915e-4e2f-9a01-977a2299a285,My First Reinforcement Learning,Books,Penguin Books,18.22,5.0,4,65,34,17,3,110.02,52.31,8.82,High Revenue - Low Stock,Prioritize stock replenishment for high-performing products.
e02fe3f7-3668-4375-b761-bd50a67f3b71,Wilson Pro3 Outdoor Recreation,Sports & Outdoors,Wilson,91.47,4.0,5,64,26,20,2,185.2,40.63,7.69,High Revenue - Low Stock,Prioritize stock replenishment for high-performing products.
6de47591-d28c-45c7-8b9f-77b946d53172,The Modern Orbit Remastered,Toys & Games,Mattel,31.65,4.0,1,63,29,8,3,129.36,46.03,10.34,High Revenue - Low Stock,Prioritize stock replenishment for high-performing products.
69160d6d-a5d0-4737-8f79-e024e4355e18,Hasbro Sunset 3000 Piece Puzzle,Toys & Games,Hasbro,97.76,4.0,3,60,33,17,2,290.79,55.0,6.06,High Revenue - Low Stock,Prioritize stock replenishment for high-performing products.
a3c44c20-02fd-4102-8825-548cd500b92d,Nike Pro9 Running Shoes,Clothing & Accessories,Nike,31.51,4.5,7,57,18,11,2,162.32,31.58,11.11,High Revenue - Low Stock,Prioritize stock replenishment for high-performing products.
fd2f2ff0-2363-4f9d-a8db-227bf021d16a,Theragun Fitness Equipment Pro,Sports & Outdoors,Theragun,121.08,,1,56,20,9,1,122.42,35.71,5.0,High Revenue - Low Stock,Prioritize stock replenishment for high-performing products.
3e4996b9-0f0c-4a5d-94fa-60be51781e8a,Calvin Klein Essential Menswear,Clothing & Accessories,Calvin Klein,38.92,5.0,1,51,29,11,2,78.33,56.86,6.9,High Revenue - Low Stock,Prioritize stock replenishment for high-performing products.
2b364b81-45e5-4b5d-8a67-a8bcd2bfd653,Nike Casual Menswear,Clothing & Accessories,Nike,53.69,4.5,1,50,25,11,3,332.18,50.0,12.0,High Revenue - Low Stock,Prioritize stock replenishment for high-performing products.
e9a8765c-6cb1-41f2-b5dc-e9b69e29c85d,Apple Accessorie Cable,Electronics,Apple,48.3,5.0,1,50,16,20,2,94.4,32.0,12.5,High Revenue - Low Stock,Prioritize stock replenishment for high-performing products.
775a6dea-7ab2-4918-87c1-6d53d8724d27,Columbia Portable Outdoor Recreation,Sports & Outdoors,Columbia,77.43,5.0,7,49,17,11,2,157.07,34.69,11.76,High Revenue - Low Stock,Prioritize stock replenishment for high-performing products.
cb5e6bbc-ea52-40e0-a731-ebca25c3e3d9,"Nerf Aria 27"" Figure",Toys & Games,Nerf,12.24,,1,49,21,14,2,36.36,42.86,9.52,High Revenue - Low Stock,Prioritize stock replenishment for high-performing products.
285c6282-8ebb-430d-83b5-f811b66cc69d,Nestle Tangy Snack,Grocery & Gourmet,Nestle,7.48,5.0,2,49,27,10,2,22.61,55.1,7.41,High Revenue - Low Stock,Prioritize stock replenishment for high-performing products.
17f2285d-1707-4b77-b944-6f7f3db9360b,KitchenAid Ultra-Soft Bedding,Home & Kitchen,KitchenAid,21.98,,1,49,19,9,1,22.19,38.78,5.26,High Revenue - Low Stock,Prioritize stock replenishment for high-performing products.
5a8ba49f-924c-43ff-b90f-b578956a0f9d,Apple Edge8 Ultra,Electronics,Apple,168.81,,4,48,16,9,1,172.47,33.33,6.25,High Revenue - Low Stock,Prioritize stock replenishment for high-performing products.
db8a054f-7069-4c80-b41f-21ac10d45981,Nike Series17 Running Shoes,Clothing & Accessories,Nike,35.35,3.5,8,48,20,14,3,109.26,41.67,15.0,High Revenue - Low Stock,Prioritize stock replenishment for high-performing products.
94d8cca1-d1a9-4166-b0ed-7d41536afd08,Clinique Aura Perfume Spray,Beauty & Personal Care,Clinique,24.11,4.5,2,48,15,12,2,49.38,31.25,13.33,High Revenue - Low Stock,Prioritize stock replenishment for high-performing products.
ef13e1d8-29e1-4964-aea0-9a1a95bc84ec,Lindt Snack Family Size,Grocery & Gourmet,Lindt,9.56,5.0,1,47,25,14,2,37.87,53.19,8.0,High Revenue - Low Stock,Prioritize stock replenishment for high-performing products.
1285f796-396a-46b3-8285-0a8ca4f3dfa5,Nike Ultra Casual Sneakers,Clothing & Accessories,Nike,25.77,4.0,1,46,10,12,2,78.51,21.74,20.0,High Revenue - Low Stock,Prioritize stock replenishment for high-performing products.
f18f9d8a-7dec-484e-a5b3-5519d04d719e,Columbia Pro Team Sport,Sports & Outdoors,Columbia,22.25,,5,46,32,12,2,65.75,69.57,6.25,High Revenue - Low Stock,Prioritize stock replenishment for high-performing products.
8a4aa0a6-d37e-40e7-bb35-dc8391877fb8,Olay Makeup Palette,Beauty & Personal Care,Olay,15.23,4.0,4,46,16,8,2,30.37,34.78,12.5,High Revenue - Low Stock,Prioritize stock replenishment for high-performing products.
66482965-2b91-444a-a0ea-fb5318318687,Spalding Portable Outdoor Recreation,Sports & Outdoors,Spalding,78.12,4.0,1,45,15,15,2,158.58,33.33,13.33,High Revenue - Low Stock,Prioritize stock replenishment for high-performing products.
25450c50-662a-4ac3-8265-374d6a1e70e0,The elite phoenix,Books,Penguin Books,24.3,4.0,1,45,17,13,3,145.63,37.78,17.65,High Revenue - Low Stock,Prioritize stock replenishment for high-performing products.
ecb6628b-2a3e-4205-ada1-0b8a4b6d6a66,Michelin Smart Electronic,Automotive,Michelin,66.98,5.0,1,44,16,10,3,201.08,36.36,18.75,High Revenue - Low Stock,Prioritize stock replenishment for high-performing products.
c20e1516-a80c-46ef-8857-158e9e7a1a70,Nike Casual Menswear,Clothing & Accessories,Nike,59.73,4.0,1,44,8,7,1,61.47,18.18,12.5,High Revenue - Low Stock,Prioritize stock replenishment for high-performing products.
5e7640a2-6ae2-404a-b17e-2d4e60bbff41,OTC Tools Galaxy4 Tools & Equipment,Automotive,OTC Tools,22.57,4.0,7,43,13,7,2,68.11,30.23,15.38,High Revenue - Low Stock,Prioritize stock replenishment for high-performing products.
55b15233-1d46-4dd6-b3a8-37cd78b885fd,Spalding Team Sport Set,Sports & Outdoors,Spalding,146.01,4.0,2,42,17,9,3,451.03,40.48,17.65,High Revenue - Low Stock,Prioritize stock replenishment for high-performing products.
49bd9c87-bf33-4642-b7f0-a03ac9bb8e52,Apple X2 In-Ear Monitors,Electronics,Apple,259.89,5.0,3,42,9,10,1,270.7,21.43,11.11,High Revenue - Low Stock,Prioritize stock replenishment for high-performing products.
f5734c2a-c309-42c2-9f79-55b3be36c25a,Apple Air11 Ultrabook,Electronics,Apple,342.47,5.0,1,41,21,11,2,699.53,51.22,9.52,High Revenue - Low Stock,Prioritize stock replenishment for high-performing products.
110a2ddd-f5aa-48b6-82ca-fc3073278426,Mattel Ultra Luna Figure,Toys & Games,Mattel,28.86,5.0,1,41,17,12,2,57.35,41.46,11.76,High Revenue - Low Stock,Prioritize stock replenishment for high-performing products.
b9474555-c8fb-4a3e-8005-d04b3ef24729,Samsung Pro19 Pro Tablet,Electronics,Samsung,275.42,5.0,1,40,14,10,2,543.76,35.0,14.29,High Revenue - Low Stock,Prioritize stock replenishment for high-performing products.
7b43bf88-22b8-4623-b746-8d1e89ce2a93,Wilson Waterproof Camping Gear,Sports & Outdoors,Wilson,75.93,3.5,1,40,19,13,5,460.87,47.5,26.32,High Revenue - Low Stock,Prioritize stock replenishment for high-performing products.
bfc89c5b-179c-4b25-b6a8-3a3140311dd3,H&M Womenswear Dress,Clothing & Accessories,H&M,41.95,3.5,1,40,12,10,2,83.71,30.0,16.67,High Revenue - Low Stock,Prioritize stock replenishment for high-performing products.
86f492bc-9d9a-4dbf-aa1e-4761c49c3043,Nestle Organic Pantry Staple,Grocery & Gourmet,Nestle,2.03,,1,40,7,8,2,6.19,17.5,28.57,High Revenue - Low Stock,Prioritize stock replenishment for high-performing products.
a96865f2-cc32-4cdc-9def-1ba8ddbfd160,The Superior Apex Remastered,Toys & Games,LEGO,83.89,5.0,6,39,15,14,4,335.98,38.46,26.67,High Revenue - Low Stock,Prioritize stock replenishment for high-performing products.
b6614348-02eb-4b0c-8aba-cf011a2da55f,LEGO Aura Card Game,Toys & Games,LEGO,19.66,2.5,4,38,20,5,2,38.77,52.63,10.0,High Revenue - Low Stock,Prioritize stock replenishment for high-performing products.
a88df0bb-fc35-4bd0-841c-0326c69a8251,Sony Galaxy Prime12,Electronics,Sony,97.23,4.0,1,37,21,9,2,197.48,56.76,9.52,High Revenue - Low Stock,Prioritize stock replenishment for high-performing products.
90b35eca-7917-449e-9622-e922a4aa430a,LEGO Elysium Family Game,Toys & Games,LEGO,66.27,5.0,1,36,8,8,2,127.79,22.22,25.0,High Revenue - Low Stock,Prioritize stock replenishment for high-performing products.
9f3a318b-d5cc-4da4-8fd9-663f9671439c,The Versatile Cascade,Books,Penguin Books,28.75,,1,36,13,10,1,59.18,36.11,7.69,High Revenue - Low Stock,Prioritize stock replenishment for high-performing products.
38d3fd25-8aa9-4331-9842-0a26eac88d91,KitchenAid Smart Appliance,Home & Kitchen,KitchenAid,107.67,4.0,1,35,18,13,3,423.39,51.43,16.67,High Revenue - Low Stock,Prioritize stock replenishment for high-performing products.
c05f8ee5-8339-4fc5-bb57-c4fe617e01db,Samsung Studio 5th Gen,Electronics,Samsung,251.91,5.0,3,35,7,7,1,239.71,20.0,14.29,High Revenue - Low Stock,Prioritize stock replenishment for high-performing products.
6cfe1e01-5a7c-470a-a447-1938935f57e2,Tommy Hilfiger Opal Jewelry,Clothing & Accessories,Tommy Hilfiger,35.78,,2,35,17,9,2,69.69,48.57,11.76,High Revenue - Low Stock,Prioritize stock replenishment for high-performing products.
116ec354-36df-497b-bc6c-068817c7c4c4,Twinnings Pantry Staple Unscented,Grocery & Gourmet,Twinnings,5.64,,1,35,12,9,2,22.74,34.29,16.67,High Revenue - Low Stock,Prioritize stock replenishment for high-performing products.
69aec173-87af-4601-a318-5c9124e061c9,Lodge LED Lighting,Home & Kitchen,Lodge,49.05,5.0,4,34,17,6,1,49.47,50.0,5.88,High Revenue - Low Stock,Prioritize stock replenishment for high-performing products.
a94414bb-dd50-4b50-b7d1-08119d1921be,OnePlus Prime19 DSLR,Electronics,OnePlus,207.18,3.5,1,32,11,7,3,608.5,34.38,27.27,High Revenue - Low Stock,Prioritize stock replenishment for high-performing products.
37845217-759a-40e1-957d-406a266e4489,Tommy Hilfiger Air5 Training Shoes,Clothing & Accessories,Tommy Hilfiger,22.11,5.0,1,32,10,6,2,69.25,31.25,20.0,High Revenue - Low Stock,Prioritize stock replenishment for high-performing products.
8813a3eb-a037-4b09-a2b9-754cea431c6b,Cuisinart Minimalist Lighting,Home & Kitchen,Cuisinart,17.85,5.0,1,32,13,7,1,18.29,40.63,7.69,High Revenue - Low Stock,Prioritize stock replenishment for high-performing products.
112d7b2c-fec0-442f-b3aa-4d676570bd76,Sony Air1 Wireless Headphones,Electronics,Sony,334.24,4.0,3,30,13,6,1,331.79,43.33,7.69,High Revenue - Low Stock,Prioritize stock replenishment for high-performing products.
29bd55a5-5ba9-4ddb-abf7-a7e11113e713,Post-it Organization Set,Office Products,Post-it,38.94,4.0,1,30,12,5,2,199.03,40.0,16.67,High Revenue - Low Stock,Prioritize stock replenishment for high-performing products.
60cb943f-c3ec-4e4e-952d-e761452c9520,Bosch Smart Electronic,Automotive,Bosch,77.17,2.5,4,30,13,7,2,156.47,43.33,15.38,High Revenue - Low Stock,Prioritize stock replenishment for high-performing products.
f2387fa4-954d-4c92-8a3c-e7f2a02c906a,L'Oreal Bath & Body - Vanilla,Beauty & Personal Care,L'Oreal,40.14,,1,30,11,5,1,120.21,36.67,9.09,High Revenue - Low Stock,Prioritize stock replenishment for high-performing products.
13b5dbf7-5500-44ed-836e-c71e63e5a8c5,Apple Pro5 Fitness Tracker,Electronics,Apple,214.24,4.0,1,29,12,6,1,205.98,41.38,8.33,High Revenue - Low Stock,Prioritize stock replenishment for high-performing products.
9909eb41-e124-44a6-8a4a-537194cbcaf0,Turtle Wax Premium Car Accessorie,Automotive,Turtle Wax,35.26,,1,29,11,4,1,34.73,37.93,9.09,High Revenue - Low Stock,Prioritize stock replenishment for high-performing products.
f45a3601-c866-4fd5-b1c4-dbef16bcdf27,Samsung Edge8 Ultra,Electronics,Samsung,199.2,,1,28,8,5,1,199.67,28.57,12.5,High Revenue - Low Stock,Prioritize stock replenishment for high-performing products.
b603e662-1c53-4f3c-afed-7a8f43a94953,Fisher-Price Bloom Building Set,Toys & Games,Fisher-Price,31.54,,1,28,7,9,1,32.58,25.0,14.29,High Revenue - Low Stock,Prioritize stock replenishment for high-performing products.
ffb609fe-be9e-450d-aa24-15a871970df2,KitchenAid Professional Kitchenware,Home & Kitchen,KitchenAid,50.14,4.0,1,27,12,9,3,155.08,44.44,25.0,High Revenue - Low Stock,Prioritize stock replenishment for high-performing products.
f0717c75-28ec-46b5-a124-5c69461b522c,Maybelline Bloom Eau de Toilette,Beauty & Personal Care,Maybelline,14.04,5.0,3,27,11,5,2,43.38,40.74,18.18,High Revenue - Low Stock,Prioritize stock replenishment for high-performing products.
03b6874a-6369-4741-a305-9c3f0b1036eb,The legacy's legacy,Books,Penguin Books,9.61,1.0,1,27,7,7,2,28.82,25.93,28.57,High Revenue - Low Stock,Prioritize stock replenishment for high-performing products.
966734c9-d17f-4a1d-8836-a2b809197416,"Bosch Car Care - 14""",Automotive,Bosch,16.8,2.5,4,27,9,9,1,17.12,33.33,11.11,High Revenue - Low Stock,Prioritize stock replenishment for high-performing products.
ca0eca1f-ad50-48e3-a564-df255f470598,The Professional Vortex Remastered,Toys & Games,Fisher-Price,10.01,5.0,2,27,11,4,1,10.21,40.74,9.09,High Revenue - Low Stock,Prioritize stock replenishment for high-performing products.
3dd241cc-231d-4821-9c7b-1e6f1ee2fe26,Wilson Official Team Sport,Sports & Outdoors,Wilson,114.71,,1,26,11,3,1,338.76,42.31,9.09,High Revenue - Low Stock,Prioritize stock replenishment for high-performing products.
2af47ff5-b419-4687-a803-5da416791c9a,Samsung Air12 In-Ear Monitors,Electronics,Samsung,330.06,5.0,1,26,2,5,1,314.09,7.69,50.0,High Revenue - Low Stock,Prioritize stock replenishment for high-performing products.
711d028c-29fb-402d-97a9-9476df124bdb,Zwilling Furniture - Gray,Home & Kitchen,Zwilling,53.17,,1,26,10,5,1,108.04,38.46,10.0,High Revenue - Low Stock,Prioritize stock replenishment for high-performing products.
5e5580f7-bf6e-482a-b953-d666826d6ba0,Apple Ultra 10th Gen,Electronics,Apple,56.53,5.0,2,26,6,6,1,57.55,23.08,16.67,High Revenue - Low Stock,Prioritize stock replenishment for high-performing products.
4bf16321-aa0b-4ebb-a940-f905a908765e,Sony Ultra Air18 Laptop,Electronics,Sony,47.29,5.0,4,26,8,2,1,47.41,30.77,12.5,High Revenue - Low Stock,Prioritize stock replenishment for high-performing products.
57cbc49d-1a4e-4cc7-a5eb-31bd76037222,Wilson Pro2 Fitness Equipment,Sports & Outdoors,Wilson,17.74,2.0,1,26,7,2,1,18.06,26.92,14.29,High Revenue - Low Stock,Prioritize stock replenishment for high-performing products.
70f73cb8-9557-4aa3-96a2-759cf86b030d,"Dell Studio 15.6"" Display Tablet",Electronics,Dell,171.31,5.0,1,25,5,7,2,348.94,20.0,40.0,High Revenue - Low Stock,Prioritize stock replenishment for high-performing products.
ae3fe3bb-7a01-4c97-9e6a-943d8e185c3a,LEGO Elysium - Anniversary Edition,Toys & Games,LEGO,114.42,5.0,4,25,10,9,1,112.52,40.0,10.0,High Revenue - Low Stock,Prioritize stock replenishment for high-performing products.
c1367786-f12a-4b65-a8fc-6cc0ea8d78ad,Adidas Accessorie - Green,Clothing & Accessories,Adidas,84.14,4.5,1,24,16,8,4,411.21,66.67,25.0,High Revenue - Low Stock,Prioritize stock replenishment for high-performing products.
92236ccd-8045-4827-b752-5e48a84d9a32,The element's element,Books,Vintage Books,16.79,5.0,1,24,12,5,1,32.44,50.0,8.33,High Revenue - Low Stock,Prioritize stock replenishment for high-performing products.
6e17103b-6b0b-4797-9ce7-fdaf0f9874d9,"Staples Supplie - 14""",Office Products,Staples,18.78,5.0,1,24,12,7,1,18.35,50.0,8.33,High Revenue - Low Stock,Prioritize stock replenishment for high-performing products.
433c5194-11d7-4bc7-84c6-b8a0b2c879a4,Apple Essential Pro16,Electronics,Apple,267.19,,1,23,5,7,1,273.34,21.74,20.0,High Revenue - Low Stock,Prioritize stock replenishment for high-performing products.
4246d120-fe4b-4366-9763-bebfb539a144,Apple Air Book3 Laptop,Electronics,Apple,101.69,,1,23,8,4,1,98.07,34.78,12.5,High Revenue - Low Stock,Prioritize stock replenishment for high-performing products.
8943d643-73a4-4601-8e25-96ecea923e04,Adidas Sterling Silver Jewelry,Clothing & Accessories,Adidas,41.86,3.0,1,23,8,3,1,40.67,34.78,12.5,High Revenue - Low Stock,Prioritize stock replenishment for high-performing products.
352979d2-b0d2-481b-937f-be96fed6657f,Zara Casual Womenswear,Clothing & Accessories,Zara,27.68,,5,23,11,3,1,27.6,47.83,9.09,High Revenue - Low Stock,Prioritize stock replenishment for high-performing products.
e9f96c73-5388-4116-b3e3-c0ab5e0e98ac,KitchenAid Furniture - Black,Home & Kitchen,KitchenAid,19.59,,2,23,7,4,1,19.07,30.43,14.29,High Revenue - Low Stock,Prioritize stock replenishment for high-performing products.
807584c5-da8a-4cb8-9592-5fb20e963d76,"Lavazza Pantry Staple - 14""",Grocery & Gourmet,Lavazza,8.78,,1,23,11,10,1,17.56,47.83,9.09,High Revenue - Low Stock,Prioritize stock replenishment for high-performing products.
44743d2d-52f5-41bc-b267-ff0894c9d033,Nike Premium Accessorie,Clothing & Accessories,Nike,9.77,,6,23,5,7,1,9.29,21.74,20.0,High Revenue - Low Stock,Prioritize stock replenishment for high-performing products.
61113e39-9a12-48a9-840b-dd7368dca11c,MSR Performance Cycling,Sports & Outdoors,MSR,73.52,3.0,9,22,13,4,1,74.75,59.09,7.69,High Revenue - Low Stock,Prioritize stock replenishment for high-performing products.
6014b105-9f70-4ad9-8cb2-441a091bc827,Olay Bath & Body - Lavender,Beauty & Personal Care,Olay,11.95,3.0,2,22,8,8,2,24.41,36.36,25.0,High Revenue - Low Stock,Prioritize stock replenishment for high-performing products.
1f0f53f2-b061-414a-9a6d-7d4038f216bc,Bosch Car Care Cleaner,Automotive,Bosch,65.11,4.0,2,21,10,7,1,61.86,47.62,10.0,High Revenue - Low Stock,Prioritize stock replenishment for high-performing products.
3a93bfbb-fabf-4085-b8bf-cd44a74ec4cc,KitchenAid Non-Stick Kitchenware,Home & Kitchen,KitchenAid,45.35,4.5,1,21,7,5,1,43.83,33.33,14.29,High Revenue - Low Stock,Prioritize stock replenishment for high-performing products.
3a54d223-2e18-4960-b91a-e4a68ae293fc,Maybelline Haircare Conditioner,Beauty & Personal Care,Maybelline,21.42,4.0,1,21,12,8,2,42.9,57.14,16.67,High Revenue - Low Stock,Prioritize stock replenishment for high-performing products.
feca807a-3edb-4df5-b55e-24a9969a570a,Coca-Cola Snack Family Size,Grocery & Gourmet,Coca-Cola,6.74,,1,21,7,6,1,6.58,33.33,14.29,High Revenue - Low Stock,Prioritize stock replenishment for high-performing products.
9efca920-7606-4059-8bf7-b71c6e303017,Apple Series17 Ultrabook,Electronics,Apple,128.94,3.0,1,20,8,9,3,396.38,40.0,37.5,High Revenue - Low Stock,Prioritize stock replenishment for high-performing products.
3b2552ec-8714-4c94-b09b-1fce1bab8f05,Apple Max7 Bluetooth Earbuds,Electronics,Apple,102.88,5.0,2,20,5,4,2,205.06,25.0,40.0,High Revenue - Low Stock,Prioritize stock replenishment for high-performing products.
38a5e881-540c-43cc-9ea2-eedcf569279e,L'Oreal Drift Perfume Spray,Beauty & Personal Care,L'Oreal,20.96,4.0,1,20,9,8,3,128.21,45.0,33.33,High Revenue - Low Stock,Prioritize stock replenishment for high-performing products.
eb819333-b501-4c18-8c53-c786ed62c2f9,Mobil Premium Car Care,Automotive,Mobil,42.34,1.0,1,20,9,7,2,87.36,45.0,22.22,High Revenue - Low Stock,Prioritize stock replenishment for high-performing products.
fb249de3-d64f-4b3c-88c8-623a3addd73f,Cuisinart Premium Furniture,Home & Kitchen,Cuisinart,27.16,4.5,1,20,15,6,3,83.93,75.0,20.0,High Revenue - Low Stock,Prioritize stock replenishment for high-performing products.
53f54914-fe13-4d18-8025-70725ef310e7,Gap Galaxy10 Training Shoes,Clothing & Accessories,Gap,48.29,5.0,1,20,10,3,1,46.46,50.0,10.0,High Revenue - Low Stock,Prioritize stock replenishment for high-performing products.
4ee17653-62d7-467f-8438-e5870e4b617e,Advanced Finance,Books,Random House,10.27,4.5,1,20,4,6,2,30.78,20.0,50.0,High Revenue - Low Stock,Prioritize stock replenishment for high-performing products.
9fb721cb-14fb-4b2b-9a53-cc4c0dacd4ec,Turtle Wax Tools & Equipment Kit,Automotive,Turtle Wax,31.26,3.3,2,19,6,7,4,159.53,31.58,66.67,High Revenue - Low Stock,Prioritize stock replenishment for high-performing products.
bcdc00ff-c173-40aa-9371-c06827f80868,Nike Womenswear Dress,Clothing & Accessories,Nike,62.74,,6,19,7,2,1,124.16,36.84,14.29,High Revenue - Low Stock,Prioritize stock replenishment for high-performing products.
95522b08-5910-4d1f-ae0a-5111d2ccc3d4,Samsung Max Z6,Electronics,Samsung,97.17,5.0,1,19,4,5,1,92.47,21.05,25.0,High Revenue - Low Stock,Prioritize stock replenishment for high-performing products.
b6425249-99fc-4638-a4df-4da80f0ce9d0,H&M Casual Menswear,Clothing & Accessories,H&M,37.14,,1,19,16,1,1,73.12,84.21,6.25,High Revenue - Low Stock,Prioritize stock replenishment for high-performing products.
296e5061-63b9-431e-90ee-3528c693b6ea,Dove Nova Cologne,Beauty & Personal Care,Dove,65.9,5.0,1,19,3,9,1,62.94,15.79,33.33,High Revenue - Low Stock,Prioritize stock replenishment for high-performing products.
29101780-8b9e-4c5e-af92-bb2e667840ed,Nestle Certified Organic Organic Food,Grocery & Gourmet,Nestle,9.98,5.0,1,19,15,7,2,38.02,78.95,13.33,High Revenue - Low Stock,Prioritize stock replenishment for high-performing products.
c5c94e3d-5437-457f-801e-fd332ee13b77,Hasbro Drift Card Game,Toys & Games,Hasbro,12.08,5.0,9,19,9,5,1,24.8,47.37,11.11,High Revenue - Low Stock,Prioritize stock replenishment for high-performing products.
11063776-8a90-4196-8b29-cf5c159bf468,Apple Accessorie Cable,Electronics,Apple,92.89,4.7,1,18,7,8,3,285.11,38.89,42.86,High Revenue - Low Stock,Prioritize stock replenishment for high-performing products.
ed7fbf83-108c-43eb-979c-ba557f72567e,KitchenAid Decorative Home Decor,Home & Kitchen,KitchenAid,93.49,5.0,1,18,5,5,1,97.18,27.78,20.0,High Revenue - Low Stock,Prioritize stock replenishment for high-performing products.
18fdec23-2819-4e65-92f3-9f56135c40bf,Spalding Tournament Team Sport,Sports & Outdoors,Spalding,44.54,4.0,3,18,6,6,1,87.74,33.33,16.67,High Revenue - Low Stock,Prioritize stock replenishment for high-performing products.
f3708cda-e846-4023-a471-dcfcd1624ea7,Nike Premium Menswear,Clothing & Accessories,Nike,27.76,4.5,2,18,7,3,1,28.38,38.89,14.29,High Revenue - Low Stock,Prioritize stock replenishment for high-performing products.
d2dee2f5-9b42-4bd9-bcae-3f7dc5f60fa7,Dyson Furniture - Ivory,Home & Kitchen,Dyson,26.33,4.0,1,18,7,3,1,25.89,38.89,14.29,High Revenue - Low Stock,Prioritize stock replenishment for high-performing products.
61db59c3-d456-445a-9c08-e152843b97c9,Apple Pro7 Fitness Tracker,Electronics,Apple,167.89,5.0,1,17,10,1,1,168.9,58.82,10.0,High Revenue - Low Stock,Prioritize stock replenishment for high-performing products.
730206e1-27a1-42b5-b0d0-53224d11f1d9,Machine Learning: A ultimate History,Books,Penguin Books,22.98,5.0,1,17,7,4,2,117.33,41.18,28.57,High Revenue - Low Stock,Prioritize stock replenishment for high-performing products.
74349029-5f56-4769-bfb9-4c151b0c3a2d,Wilson Air3 Fitness Equipment,Sports & Outdoors,Wilson,100.77,,4,17,4,2,1,103.09,23.53,25.0,High Revenue - Low Stock,Prioritize stock replenishment for high-performing products.
b6a0576e-f197-4cbe-a7c5-af745d82ec05,Michelin Heavy-Duty Tools & Equipment,Automotive,Michelin,34.36,,2,17,3,4,1,34.59,17.65,33.33,High Revenue - Low Stock,Prioritize stock replenishment for high-performing products.
63c93142-2069-46c2-aca5-931a6dcf9cd3,Apple Series8 Smartphone,Electronics,Apple,263.98,4.5,6,16,4,6,2,532.74,25.0,50.0,High Revenue - Low Stock,Prioritize stock replenishment for high-performing products.
dc0c376a-8c66-43f9-974c-c33e3b11ab14,Wilson Premium Outdoor Recreation,Sports & Outdoors,Wilson,122.98,4.0,2,16,6,6,2,242.9,37.5,33.33,High Revenue - Low Stock,Prioritize stock replenishment for high-performing products.
eef95d69-d4c8-4c38-9fb3-1aa038595835,"Shark 17"" Kitchenware Set",Home & Kitchen,Shark,57.3,,7,16,5,7,2,166.86,31.25,40.0,High Revenue - Low Stock,Prioritize stock replenishment for high-performing products.
bafb50a6-f635-488d-b55e-26f6684173a7,Nike Classic Fit Menswear,Clothing & Accessories,Nike,18.34,5.0,1,16,12,5,2,72.96,75.0,16.67,High Revenue - Low Stock,Prioritize stock replenishment for high-performing products.
afbc31c5-dc7a-4f54-8222-e3751f411289,Nike Edge9 Messenger Bag,Clothing & Accessories,Nike,35.12,2.0,1,16,3,3,2,69.52,18.75,66.67,High Revenue - Low Stock,Prioritize stock replenishment for high-performing products.
70a0cc21-8b13-454b-98b8-ef57a411e3a9,"Staples Stationery - 27""",Office Products,Staples,26.68,1.0,1,16,5,2,1,26.86,31.25,20.0,High Revenue - Low Stock,Prioritize stock replenishment for high-performing products.
07d0959d-aa53-43e0-b844-ea183196b748,L'Oreal Haircare Treatment,Beauty & Personal Care,L'Oreal,22.52,,1,16,7,4,1,21.7,43.75,14.29,High Revenue - Low Stock,Prioritize stock replenishment for high-performing products.
db8813ce-bfdd-44b8-ab9d-67eedddb37e3,Wilson Ultralight Camping Gear,Sports & Outdoors,Wilson,86.73,4.0,4,15,4,3,2,259.15,26.67,50.0,High Revenue - Low Stock,Prioritize stock replenishment for high-performing products.
26eadabe-15b0-4e41-9045-c64e24561fa0,Wilson Premium Fitness Equipment,Sports & Outdoors,Wilson,87.68,,1,15,7,4,1,178.02,46.67,14.29,High Revenue - Low Stock,Prioritize stock replenishment for high-performing products.
13d331b9-852a-4d23-9e87-bef5002d79f5,Staub Modern Lighting,Home & Kitchen,Staub,87.3,4.0,1,15,5,2,1,171.44,33.33,20.0,High Revenue - Low Stock,Prioritize stock replenishment for high-performing products.
dd7e72c3-f088-4a8d-955f-7ca4b2452cd6,Wilson Portable Outdoor Recreation,Sports & Outdoors,Wilson,51.94,,2,15,3,4,1,99.5,20.0,33.33,High Revenue - Low Stock,Prioritize stock replenishment for high-performing products.
55f70a74-e414-4d24-aa76-b6da8543dac6,Samsung Pro12 Smartphone,Electronics,Samsung,89.74,3.7,1,15,8,5,1,89.16,53.33,12.5,High Revenue - Low Stock,Prioritize stock replenishment for high-performing products.
6b615487-d7af-4988-9310-13a937e4ee2f,Spalding Tournament Team Sport,Sports & Outdoors,Spalding,55.18,5.0,3,15,5,4,1,53.54,33.33,20.0,High Revenue - Low Stock,Prioritize stock replenishment for high-performing products.
2733463c-bd18-404c-91ca-f1ca635ae8f2,Apple Classic Air13 Laptop,Electronics,Apple,47.21,,5,15,11,8,1,49.57,73.33,9.09,High Revenue - Low Stock,Prioritize stock replenishment for high-performing products.
34813fbd-4762-4e1a-9fad-2c4bd228840a,Le Creuset Ultra-Soft Bedding,Home & Kitchen,Le Creuset,28.57,,3,15,3,2,1,29.54,20.0,33.33,High Revenue - Low Stock,Prioritize stock replenishment for high-performing products.
8dab9b57-b0b5-4af6-aa44-c98f2dabbc43,A superior fusion,Books,HarperCollins,11.58,,3,15,4,3,1,11.72,26.67,25.0,High Revenue - Low Stock,Prioritize stock replenishment for high-performing products.
553fc15c-17f5-4500-bad5-6a0269cb5736,"Hershey Organic Organic Food - 15.6""",Grocery & Gourmet,Hershey,5.58,5.0,8,15,4,5,2,11.51,26.67,50.0,High Revenue - Low Stock,Prioritize stock replenishment for high-performing products.
5e862f30-cfc8-4154-9804-1da98889ff24,Samsung Air Tab,Electronics,Samsung,124.65,4.0,2,14,5,5,1,120.8,35.71,20.0,High Revenue - Low Stock,Prioritize stock replenishment for high-performing products.
819960cb-bc9c-4dc3-86fc-239d8c32e00e,L'Oreal Skincare Cream,Beauty & Personal Care,L'Oreal,53.52,,2,14,3,5,2,105.84,21.43,66.67,High Revenue - Low Stock,Prioritize stock replenishment for high-performing products.
2b0646c5-10d1-4ab0-a2fb-e024f68295b4,"Samsung Core 14""",Electronics,Samsung,46.22,2.5,1,14,5,4,2,95.58,35.71,40.0,High Revenue - Low Stock,Prioritize stock replenishment for high-performing products.
dfbce523-ca71-4795-8fe9-3d18cd585ca6,Lucas Oil Tools & Equipment Set,Automotive,Lucas Oil,17.95,4.0,3,14,3,4,2,89.03,21.43,66.67,High Revenue - Low Stock,Prioritize stock replenishment for high-performing products.
16a8cdac-1a86-4857-bf41-2973fd32b7b7,LEGO Haven Board Game,Toys & Games,LEGO,38.98,4.5,1,14,2,5,2,78.14,14.29,100.0,High Revenue - Low Stock,Prioritize stock replenishment for high-performing products.
d2a6d3d8-93f3-4004-a928-dfa968dcf01b,Adidas Premium Womenswear,Clothing & Accessories,Adidas,36.06,3.0,1,14,1,8,1,75.0,7.14,100.0,High Revenue - Low Stock,Prioritize stock replenishment for high-performing products.
5f619e23-797f-45ee-8fd2-54d846dca61e,Olay Bath & Body Wash,Beauty & Personal Care,Olay,22.42,3.5,4,14,5,9,2,45.88,35.71,40.0,High Revenue - Low Stock,Prioritize stock replenishment for high-performing products.
21853536-4ecb-48e8-a96f-f289fb187fcd,Staples Compact Printer,Office Products,Staples,20.25,5.0,1,14,5,4,1,39.62,35.71,20.0,High Revenue - Low Stock,Prioritize stock replenishment for high-performing products.
5dc6b916-6e20-41bd-bb51-1ca734ba2bbb,LEGO Machine Learning 1000pc Puzzle,Toys & Games,LEGO,38.35,4.0,1,14,4,7,1,37.15,28.57,25.0,High Revenue - Low Stock,Prioritize stock replenishment for high-performing products.
906e3627-ad85-4eeb-a623-cda5723db451,LEGO Drift Science Experiment,Toys & Games,LEGO,16.74,5.0,1,14,3,3,1,34.64,21.43,33.33,High Revenue - Low Stock,Prioritize stock replenishment for high-performing products.
004eb82c-1643-4850-9738-fd2e2c81d645,L'Oreal Velvet Eau de Toilette,Beauty & Personal Care,L'Oreal,30.62,,1,14,9,2,1,29.49,64.29,11.11,High Revenue - Low Stock,Prioritize stock replenishment for high-performing products.
e5a36b0e-138b-453a-8668-d51aa72d64c2,Instant Pot Classic Lighting,Home & Kitchen,Instant Pot,13.17,5.0,9,14,6,2,1,25.3,42.86,16.67,High Revenue - Low Stock,Prioritize stock replenishment for high-performing products.
ff761c59-6875-469b-9f30-479237b8bb94,L'Oreal Haircare Conditioner,Beauty & Personal Care,L'Oreal,7.6,,1,14,8,7,2,21.96,57.14,25.0,High Revenue - Low Stock,Prioritize stock replenishment for high-performing products.
50478039-ee43-4ae5-a86f-81bb8b3ac845,MSR Ultralight Camping Gear,Sports & Outdoors,MSR,71.88,5.0,9,13,11,6,2,222.37,84.62,18.18,High Revenue - Low Stock,Prioritize stock replenishment for high-performing products.
432c0469-6d08-485f-8c4a-e4e2b1f72e18,Nike Pro13 Backpack,Clothing & Accessories,Nike,63.36,3.0,1,13,5,2,1,62.8,38.46,20.0,High Revenue - Low Stock,Prioritize stock replenishment for high-performing products.
da073e84-d1ca-4cc9-b1bd-c399cd13fe61,Continental Premium Car Accessorie,Automotive,Continental,27.66,5.0,2,13,6,5,1,57.44,46.15,16.67,High Revenue - Low Stock,Prioritize stock replenishment for high-performing products.
808b0afc-b94e-49be-a768-db0b73ad0cd2,Estee Lauder Velvet Eau de Parfum,Beauty & Personal Care,Estee Lauder,28.53,5.0,1,13,4,2,1,28.88,30.77,25.0,High Revenue - Low Stock,Prioritize stock replenishment for high-performing products.
d2ecc3eb-9cef-4b7a-8d4a-89c51817135c,Bosch Car Accessorie - White,Automotive,Bosch,23.28,,1,13,4,7,1,23.45,30.77,25.0,High Revenue - Low Stock,Prioritize stock replenishment for high-performing products.
2c6495e1-8615-4556-89da-6fee76c42fd8,Apple Classic Action Cam,Electronics,Apple,79.6,5.0,1,12,4,2,2,156.76,33.33,50.0,High Revenue - Low Stock,Prioritize stock replenishment for high-performing products.
71445abc-2f0d-4ac2-8097-acb7a3823bc9,Wilson Cycling - Navy,Sports & Outdoors,Wilson,37.73,4.5,1,12,3,4,3,109.5,25.0,100.0,High Revenue - Low Stock,Prioritize stock replenishment for high-performing products.
c188d0e8-e8fd-41fc-998c-5614e2a08d5c,Cuisinart Rustic Lighting,Home & Kitchen,Cuisinart,92.49,,1,12,2,2,1,91.03,16.67,50.0,High Revenue - Low Stock,Prioritize stock replenishment for high-performing products.
b2f92c9c-a3df-4ffa-bbca-e47ae8022fe2,Spalding Max10 Outdoor Recreation,Sports & Outdoors,Spalding,18.03,3.0,1,12,3,4,1,36.86,25.0,33.33,High Revenue - Low Stock,Prioritize stock replenishment for high-performing products.
c44d8b86-cf14-4c57-8b74-488e494e5f2d,Bosch Electronic Display,Automotive,Bosch,14.57,3.0,1,12,7,7,1,14.32,58.33,14.29,High Revenue - Low Stock,Prioritize stock replenishment for high-performing products.
27c532be-a2bb-439d-9005-0e67ba64d88a,Wilson Cycling Pro,Sports & Outdoors,Wilson,61.57,5.0,2,11,5,3,1,191.88,45.45,20.0,High Revenue - Low Stock,Prioritize stock replenishment for high-performing products.
0a337711-3362-422b-918b-b36bf81feccb,Apple Series2 Pro 5G,Electronics,Apple,166.55,5.0,1,11,4,4,1,170.09,36.36,25.0,High Revenue - Low Stock,Prioritize stock replenishment for high-performing products.
36c253c0-c416-415b-92cb-9ec9c7be787a,Adidas Womenswear Dress,Clothing & Accessories,Adidas,53.01,4.0,1,11,2,3,1,109.62,18.18,50.0,High Revenue - Low Stock,Prioritize stock replenishment for high-performing products.
8c08b507-1f47-4e21-beb5-258709f5c6d3,An Premium Pioneer: Principles and Applications,Books,Oxford University Press,36.7,5.0,3,11,2,3,1,36.57,18.18,50.0,High Revenue - Low Stock,Prioritize stock replenishment for high-performing products.
86f1ab32-6529-41f6-a074-2c337c212318,LEGO Ember STEM Kit,Toys & Games,LEGO,61.57,,1,10,6,5,1,126.3,60.0,16.67,High Revenue - Low Stock,Prioritize stock replenishment for high-performing products.
ea4a2dc7-d7a2-4eab-bb13-10eef406e9f5,Nike Essential Menswear,Clothing & Accessories,Nike,110.64,,3,10,4,2,1,105.15,40.0,25.0,High Revenue - Low Stock,Prioritize stock replenishment for high-performing products.
ddc97c07-b0a8-4555-be94-fe6895726b6e,Nike Menswear in Red,Clothing & Accessories,Nike,97.62,4.5,1,10,5,3,1,98.21,50.0,20.0,High Revenue - Low Stock,Prioritize stock replenishment for high-performing products.
0ea08862-8de1-4843-ab65-862d3dd1b2d8,Lodge Cotton Home Decor,Home & Kitchen,Lodge,44.14,5.0,1,10,4,2,1,84.54,40.0,25.0,High Revenue - Low Stock,Prioritize stock replenishment for high-performing products.
7920161a-46b1-449f-89b3-d03b9719aedb,"Cuisinart 27"" Bedding Set",Home & Kitchen,Cuisinart,32.97,,1,10,3,2,1,33.98,30.0,33.33,High Revenue - Low Stock,Prioritize stock replenishment for high-performing products.
c7d4af0f-6f0b-45fd-b222-7316c071f512,Nike Z8 Running Shoes,Clothing & Accessories,Nike,24.48,3.0,1,10,3,2,1,25.55,30.0,33.33,High Revenue - Low Stock,Prioritize stock replenishment for high-performing products.
6c28f298-484a-4eb1-8197-d880b91558dc,Nestle Organic Snack,Grocery & Gourmet,Nestle,15.89,4.0,1,10,6,4,1,16.4,60.0,16.67,High Revenue - Low Stock,Prioritize stock replenishment for high-performing products.
201d045f-2007-4b17-864f-2fc59f08fc2e,Apple Series1 Pro 5G,Electronics,Apple,279.68,5.0,3,9,4,7,2,560.87,44.44,50.0,High Revenue - Low Stock,Prioritize stock replenishment for high-performing products.
a6fbc223-a2e5-4cd3-a74d-429130cdf9ec,Apple Studio Noise-Canceling Headphones,Electronics,Apple,317.9,3.0,1,9,6,5,1,308.31,66.67,16.67,High Revenue - Low Stock,Prioritize stock replenishment for high-performing products.
4e24b19e-c0ca-47a7-a615-67062662a44c,Lenovo Elite Max5 Laptop,Electronics,Lenovo,193.96,3.0,1,9,2,3,1,195.25,22.22,50.0,High Revenue - Low Stock,Prioritize stock replenishment for high-performing products.
4a1e79d7-75c8-4163-9612-e9e5e0decf49,Calvin Klein Pixel17 Running Shoes,Clothing & Accessories,Calvin Klein,35.55,3.0,1,9,4,2,1,72.48,44.44,25.0,High Revenue - Low Stock,Prioritize stock replenishment for high-performing products.
227d2d69-694a-4953-a231-d1e78172d65e,Nike Air12 Crossbody Bag,Clothing & Accessories,Nike,33.15,3.5,1,9,1,3,2,66.11,11.11,200.0,High Revenue - Low Stock,Prioritize stock replenishment for high-performing products.
7adef156-b914-4e5c-9ef2-822e99a3252d,A Sleek Fusion - PlayStation 5 Edition,Toys & Games,LEGO,31.66,,1,9,4,3,1,61.42,44.44,25.0,High Revenue - Low Stock,Prioritize stock replenishment for high-performing products.
a14610e4-bf78-48e8-92ad-564e71119087,Hot Wheels Panoramic Calculus Puzzle,Toys & Games,Hot Wheels,25.74,,2,9,4,2,1,52.22,44.44,25.0,High Revenue - Low Stock,Prioritize stock replenishment for high-performing products.
92c96118-659a-4c92-9288-d259616dd690,Pyrex Premium Furniture,Home & Kitchen,Pyrex,42.64,4.5,1,9,1,1,1,44.07,11.11,100.0,High Revenue - Low Stock,Prioritize stock replenishment for high-performing products.
027dba4e-9f9b-42a3-9083-a37076fda985,Goodyear Synthetic Fluid,Automotive,Goodyear,24.89,4.0,2,9,2,2,1,25.75,22.22,50.0,High Revenue - Low Stock,Prioritize stock replenishment for high-performing products.
acb08aee-71c4-4757-a6ff-9d0e348961cb,Nestle Snack Family Size,Grocery & Gourmet,Nestle,5.86,4.0,1,9,5,1,1,11.72,55.56,20.0,High Revenue - Low Stock,Prioritize stock replenishment for high-performing products.
a3cf009c-a949-4612-a91d-54c0c6076472,Swingline Heavy-Duty Supplie,Office Products,Swingline,9.83,4.5,1,9,4,3,1,10.07,44.44,25.0,High Revenue - Low Stock,Prioritize stock replenishment for high-performing products.
0333c9f1-54bd-4d80-9fda-09280e528fc1,Wilson Pro Team Sport,Sports & Outdoors,Wilson,43.86,2.0,2,8,2,1,1,171.24,25.0,50.0,High Revenue - Low Stock,Prioritize stock replenishment for high-performing products.
54556d74-5215-47d1-ad7a-1f0bbfdcbe17,Sony Elite Tab,Electronics,Sony,135.99,,2,8,3,2,1,133.97,37.5,33.33,High Revenue - Low Stock,Prioritize stock replenishment for high-performing products.
deb02f90-cd6c-481c-9583-88195079bff4,Wilson Outdoor Recreation Set,Sports & Outdoors,Wilson,109.71,5.0,1,8,2,2,1,111.7,25.0,50.0,High Revenue - Low Stock,Prioritize stock replenishment for high-performing products.
8fb4064c-19c9-4176-818a-862d382ebe6c,Spalding Premium Outdoor Recreation,Sports & Outdoors,Spalding,53.89,5.0,2,8,4,3,2,105.92,50.0,50.0,High Revenue - Low Stock,Prioritize stock replenishment for high-performing products.
a096d73d-1daa-41fc-b3c9-ef7233052cfc,Nike Premium Womenswear,Clothing & Accessories,Nike,27.32,3.0,1,8,2,3,2,55.61,25.0,100.0,High Revenue - Low Stock,Prioritize stock replenishment for high-performing products.
1e4b0458-68ae-4a5c-bc79-8a3e9933260e,Bridgestone Premium Car Care,Automotive,Bridgestone,24.78,5.0,2,8,1,3,2,50.58,12.5,200.0,High Revenue - Low Stock,Prioritize stock replenishment for high-performing products.
4a3c27a3-42b0-4bcb-9be6-cbd34aa84236,Learn Finance with Finn,Books,HarperCollins,21.93,,1,8,3,3,1,43.24,37.5,33.33,High Revenue - Low Stock,Prioritize stock replenishment for high-performing products.
c201350f-60f2-48d5-ab5b-ce00bb9b6bae,Cuisinart Digital Appliance,Home & Kitchen,Cuisinart,15.44,,1,8,3,1,1,31.54,37.5,33.33,High Revenue - Low Stock,Prioritize stock replenishment for high-performing products.
460c1852-1fe9-441b-be3b-599d95c07fea,KitchenAid Professional Kitchenware,Home & Kitchen,KitchenAid,25.0,,1,8,5,2,1,23.99,62.5,20.0,High Revenue - Low Stock,Prioritize stock replenishment for high-performing products.
e065748b-4b46-4d4f-9b51-89ed0f702ef8,Nike Menswear in Gray,Clothing & Accessories,Nike,24.31,5.0,1,8,2,2,1,23.23,25.0,50.0,High Revenue - Low Stock,Prioritize stock replenishment for high-performing products.
47e5b549-076f-45d4-9ea1-21406734fccb,Vans Classic Fit Menswear,Clothing & Accessories,Vans,20.49,,2,8,3,1,1,20.57,37.5,33.33,High Revenue - Low Stock,Prioritize stock replenishment for high-performing products.
0cfaca2f-c367-41ff-876d-0ddb18f06cb3,LEGO Cybersecurity 2000pc Puzzle,Toys & Games,LEGO,16.29,1.0,1,8,0,1,1,17.09,0.0,,High Revenue - Low Stock,Prioritize stock replenishment for high-performing products.
64576c64-34fe-4f5a-b0d1-045b679e62a3,"Pyrex 14"" Kitchenware Set",Home & Kitchen,Pyrex,11.07,5.0,1,8,5,2,1,10.67,62.5,20.0,High Revenue - Low Stock,Prioritize stock replenishment for high-performing products.
7d8a063d-e0e9-4609-9aff-170eaf6b695f,Philips Elite Sport Watch,Electronics,Philips,289.02,,3,7,1,5,2,586.24,14.29,200.0,High Revenue - Low Stock,Prioritize stock replenishment for high-performing products.
cea6f4ba-ac51-4cba-a5a8-52f0ff14c6c4,Samsung Pixel12 Ultrabook,Electronics,Samsung,229.72,,3,7,5,3,1,220.04,71.43,20.0,High Revenue - Low Stock,Prioritize stock replenishment for high-performing products.
06551d1d-a2f3-44a6-aeed-6df6b4dd13de,KitchenAid Hemp Furniture,Home & Kitchen,KitchenAid,52.41,5.0,1,7,3,1,1,101.12,42.86,33.33,High Revenue - Low Stock,Prioritize stock replenishment for high-performing products.
0d71e3c4-15ba-42f3-a5d3-16957eec2c9c,Patagonia Premium Fitness Equipment,Sports & Outdoors,Patagonia,74.49,5.0,1,7,0,3,1,75.34,0.0,,High Revenue - Low Stock,Prioritize stock replenishment for high-performing products.
0ee95bfd-3f6c-4094-a217-7172a275cc58,Linear Algebra: A professional History,Books,Penguin Books,36.01,,3,7,4,2,1,69.68,57.14,25.0,High Revenue - Low Stock,Prioritize stock replenishment for high-performing products.
05c7bc80-5996-4019-95b6-d400c7625334,Spalding Premium Fitness Equipment,Sports & Outdoors,Spalding,49.45,3.0,1,7,2,1,1,48.96,28.57,50.0,High Revenue - Low Stock,Prioritize stock replenishment for high-performing products.
0b0a7e9e-8f72-47d7-b78d-a95c7a8181f1,Nestle Organic Beverage,Grocery & Gourmet,Nestle,8.66,2.0,2,7,5,1,1,33.0,71.43,20.0,High Revenue - Low Stock,Prioritize stock replenishment for high-performing products.
011d5172-065b-470a-9627-c9740efea733,Nestle Organic Snack,Grocery & Gourmet,Nestle,13.7,4.0,1,7,4,8,2,28.44,57.14,50.0,High Revenue - Low Stock,Prioritize stock replenishment for high-performing products.
704d2633-0877-4ada-97c1-09c95c06e03d,Barbie Panoramic Statistics Puzzle,Toys & Games,Barbie,27.8,5.0,3,7,1,1,1,26.9,14.29,100.0,High Revenue - Low Stock,Prioritize stock replenishment for high-performing products.
4284fedc-ae06-4c36-a7a7-cec7914c0b90,Fellowes Office Furniture - Navy,Office Products,Fellowes,19.56,2.0,1,7,4,2,1,19.78,57.14,25.0,High Revenue - Low Stock,Prioritize stock replenishment for high-performing products.
fa0a2095-6ccf-43a6-b338-a1fd78aa14df,Ralph Lauren Air9 Running Shoes,Clothing & Accessories,Ralph Lauren,16.91,,3,7,3,1,1,17.33,42.86,33.33,High Revenue - Low Stock,Prioritize stock replenishment for high-performing products.
b087b284-ed9a-41f3-8394-5f82b5d41503,LEGO Bloom Board Game,Toys & Games,LEGO,15.09,4.0,3,7,2,1,1,15.17,28.57,50.0,High Revenue - Low Stock,Prioritize stock replenishment for high-performing products.
370d21fc-9e17-4f91-be42-ab3f8891324a,CamelBak Adjustable Fitness Equipment,Sports & Outdoors,CamelBak,60.93,5.0,1,6,2,4,1,183.39,33.33,50.0,High Revenue - Low Stock,Prioritize stock replenishment for high-performing products.
8f1fe448-c002-45f6-8701-959fa97d31c8,Morphy Richards Premium Kitchenware,Home & Kitchen,Morphy Richards,42.72,3.0,1,6,1,2,1,178.88,16.67,100.0,High Revenue - Low Stock,Prioritize stock replenishment for high-performing products.
bd1f9455-5b75-4005-8a29-2c1b69600d17,Wilson Cycling - Brown,Sports & Outdoors,Wilson,90.39,,1,6,5,4,1,93.52,83.33,20.0,High Revenue - Low Stock,Prioritize stock replenishment for high-performing products.
2bb7db38-20ca-4318-9910-ee9802679169,Nike Womenswear in Brown,Clothing & Accessories,Nike,79.66,,1,6,2,1,1,79.97,33.33,50.0,High Revenue - Low Stock,Prioritize stock replenishment for high-performing products.
c2e167b0-7512-4854-a8da-f1f3d8f6a0af,Wilson Pro Team Sport,Sports & Outdoors,Wilson,53.24,3.5,1,6,4,4,1,53.56,66.67,25.0,High Revenue - Low Stock,Prioritize stock replenishment for high-performing products.
ecb5c900-0bfb-40c7-8b4b-125428778584,Ninja LED Lighting,Home & Kitchen,Ninja,43.35,4.0,1,6,0,2,1,41.36,0.0,,High Revenue - Low Stock,Prioritize stock replenishment for high-performing products.
47f32e6a-7123-4edc-9223-9e295bcf5000,Nike Premium Menswear,Clothing & Accessories,Nike,33.02,5.0,4,6,0,2,1,32.79,0.0,,High Revenue - Low Stock,Prioritize stock replenishment for high-performing products.
385814b3-a7e2-4640-bc91-8ec6a03e9ac6,H&M Menswear in Charcoal,Clothing & Accessories,H&M,19.28,,1,6,4,3,1,18.61,66.67,25.0,High Revenue - Low Stock,Prioritize stock replenishment for high-performing products.
34c9ff5f-00f5-4f95-b1b7-2686317131bc,Nike Premium Accessorie,Clothing & Accessories,Nike,10.43,4.5,1,6,0,3,1,10.7,0.0,,High Revenue - Low Stock,Prioritize stock replenishment for high-performing products.
7b5c2f17-5333-488f-aa64-7fcb72accf4d,Cuisinart Premium Kitchenware,Home & Kitchen,Cuisinart,56.75,5.0,1,5,4,2,2,353.3,80.0,50.0,High Revenue - Low Stock,Prioritize stock replenishment for high-performing products.
d806394d-ab23-4159-8d7e-5a6f1c8a9ba9,Apple Galaxy Book4,Electronics,Apple,240.44,,1,5,3,4,1,229.13,60.0,33.33,High Revenue - Low Stock,Prioritize stock replenishment for high-performing products.
042edb3f-1326-4845-acbe-e679cc7785e2,LG X6 Bluetooth Earbuds,Electronics,LG,188.08,5.0,3,5,3,2,1,188.21,60.0,33.33,High Revenue - Low Stock,Prioritize stock replenishment for high-performing products.
453c2ed5-172f-4d33-87de-0dce637ee201,Corkcicle Premium Furniture,Home & Kitchen,Corkcicle,176.92,,1,5,4,2,1,176.83,80.0,25.0,High Revenue - Low Stock,Prioritize stock replenishment for high-performing products.
e2254729-d296-45bf-beed-f69e6edbb049,KitchenAid Bedding in Cream,Home & Kitchen,KitchenAid,49.68,4.0,4,5,2,3,1,98.22,40.0,50.0,High Revenue - Low Stock,Prioritize stock replenishment for high-performing products.
cd434453-63c4-48fa-a0ea-ed3d7d0b5d69,KitchenAid Home Decor - Sage,Home & Kitchen,KitchenAid,62.74,5.0,1,5,2,2,1,60.87,40.0,50.0,High Revenue - Low Stock,Prioritize stock replenishment for high-performing products.
76e07c3c-2843-4320-a524-c3c606bfca24,L'Oreal Haircare Treatment,Beauty & Personal Care,L'Oreal,27.16,3.5,2,5,0,4,2,54.78,0.0,,High Revenue - Low Stock,Prioritize stock replenishment for high-performing products.
b8370e9e-7970-4cac-a79f-3f8f5d18beae,Apple Air2 Fitness Tracker,Electronics,Apple,51.13,5.0,1,5,5,3,1,52.92,100.0,20.0,High Revenue - Low Stock,Prioritize stock replenishment for high-performing products.
dbdf2946-0896-4274-8eb2-f087e169723f,Adidas Prime10 Training Shoes,Clothing & Accessories,Adidas,13.48,4.5,2,5,3,2,2,27.11,60.0,66.67,High Revenue - Low Stock,Prioritize stock replenishment for high-performing products.
93d73401-f8ed-451f-8021-3b4cff7f7b0a,PepsiCo Organic Snack,Grocery & Gourmet,PepsiCo,8.45,4.0,1,5,2,4,1,8.83,40.0,50.0,High Revenue - Low Stock,Prioritize stock replenishment for high-performing products.
b0228388-a496-4e9e-99e8-33759e8ea929,Olay Haircare Serum,Beauty & Personal Care,Olay,7.31,4.0,6,5,3,2,1,7.19,60.0,33.33,High Revenue - Low Stock,Prioritize stock replenishment for high-performing products.
c5cece7a-59cf-4578-a013-3feb06819226,Apple Air Smartwatch,Electronics,Apple,238.33,5.0,1,4,4,1,1,240.95,100.0,25.0,High Revenue - Low Stock,Prioritize stock replenishment for high-performing products.
86011e5c-52b7-4cbf-a9e1-f18981e6f241,KitchenAid Premium Nylon Bedding,Home & Kitchen,KitchenAid,79.14,,1,4,3,2,2,157.02,75.0,66.67,High Revenue - Low Stock,Prioritize stock replenishment for high-performing products.
31575edd-2512-4b79-a8bf-ef9e15d0789a,Elite World History: The From Theory to Practice,Books,Penguin Books,28.85,1.0,1,4,4,4,2,112.57,100.0,50.0,High Revenue - Low Stock,Prioritize stock replenishment for high-performing products.
1774fa31-785b-4453-99a3-3165f15c3da4,Merrell Outdoor Recreation Set,Sports & Outdoors,Merrell,83.76,5.0,1,4,5,3,1,86.23,125.0,20.0,High Revenue - Low Stock,Prioritize stock replenishment for high-performing products.
457f0c3f-7928-45c9-b050-bb57f0b9948c,Wilson Air13 Outdoor Recreation,Sports & Outdoors,Wilson,73.35,,2,4,1,1,1,74.17,25.0,100.0,High Revenue - Low Stock,Prioritize stock replenishment for high-performing products.
9697cbb8-c036-4f97-a661-d60ceb245518,Instant Pot Bedding in Slate,Home & Kitchen,Instant Pot,27.99,,1,4,1,2,1,58.62,25.0,100.0,High Revenue - Low Stock,Prioritize stock replenishment for high-performing products.
cba1016f-3f2a-467a-b15a-452afc42b96a,LEGO Air Sam Figure,Toys & Games,LEGO,45.93,1.0,1,4,3,2,1,45.74,75.0,33.33,High Revenue - Low Stock,Prioritize stock replenishment for high-performing products.
d4ec9d46-efa3-457c-bbc8-ceab3cf99e7d,LEGO Cascade Strategy Game,Toys & Games,LEGO,41.49,4.0,1,4,1,2,1,42.16,25.0,100.0,High Revenue - Low Stock,Prioritize stock replenishment for high-performing products.
3623b620-1419-496a-95d5-f620fe664f1e,Learn Psychology with Jack,Books,Random House,10.2,3.7,1,4,2,2,2,40.11,50.0,100.0,High Revenue - Low Stock,Prioritize stock replenishment for high-performing products.
81551ffe-b19f-48da-9da3-e1084975e33b,Bosch Professional Tools & Equipment,Automotive,Bosch,37.6,4.0,1,4,3,4,1,38.05,75.0,33.33,High Revenue - Low Stock,Prioritize stock replenishment for high-performing products.
cb5d1f1b-21c8-46ba-aabc-a8f95af9f370,KitchenAid Air Appliance,Home & Kitchen,KitchenAid,33.31,5.0,2,4,3,4,1,32.95,75.0,33.33,High Revenue - Low Stock,Prioritize stock replenishment for high-performing products.
f7c07eff-e300-44c7-89dd-0652dd9dc9f8,L'Oreal Bath & Body Scrub,Beauty & Personal Care,L'Oreal,14.87,3.0,9,4,0,2,1,15.17,0.0,,High Revenue - Low Stock,Prioritize stock replenishment for high-performing products.
0201393b-1811-4d77-bf28-e657ae0b5e64,Nestle Organic Organic Food Variety,Grocery & Gourmet,Nestle,3.91,,2,4,3,2,1,11.19,75.0,33.33,High Revenue - Low Stock,Prioritize stock replenishment for high-performing products.
2bfee485-32ed-4f0c-870e-b7db15780fde,Wilson 88L Camping Gear,Sports & Outdoors,Wilson,257.12,4.0,1,3,2,2,1,266.15,66.67,50.0,High Revenue - Low Stock,Prioritize stock replenishment for high-performing products.
6e4e80df-8d3b-45c3-8f81-1ab758215ff8,Spalding Adjustable Fitness Equipment,Sports & Outdoors,Spalding,46.64,,2,3,2,2,2,91.86,66.67,100.0,High Revenue - Low Stock,Prioritize stock replenishment for high-performing products.
50d9ec7e-0105-41ea-b192-303811ed357f,Reinforcement Learning,Books,HarperCollins,25.47,4.0,1,3,0,2,1,78.87,0.0,,High Revenue - Low Stock,Prioritize stock replenishment for high-performing products.
580a7cd8-07fa-4ae4-9eeb-313942ebb8e4,KitchenAid Lighting - Charcoal,Home & Kitchen,KitchenAid,56.11,,1,3,2,2,1,55.59,66.67,50.0,High Revenue - Low Stock,Prioritize stock replenishment for high-performing products.
f741bdc8-a739-4562-bd8a-a8af256bbaa3,Mattel Midnight Board Game,Toys & Games,Mattel,52.99,2.0,1,3,1,1,1,53.32,33.33,100.0,High Revenue - Low Stock,Prioritize stock replenishment for high-performing products.
551ce1f9-8010-4d50-81bd-ac1ce8f64f2d,Fisher-Price Ember Board Game,Toys & Games,Fisher-Price,44.62,3.0,2,3,1,1,1,46.52,33.33,100.0,High Revenue - Low Stock,Prioritize stock replenishment for high-performing products.
5602813d-2efe-4ec8-8a97-e294f5477cbf,LEGO Aura STEM Kit,Toys & Games,LEGO,15.05,,1,3,4,1,1,29.96,133.33,25.0,High Revenue - Low Stock,Prioritize stock replenishment for high-performing products.
d9f8a3f0-f3b2-4c85-874d-a8819e73b376,L'Oreal Makeup Palette,Beauty & Personal Care,L'Oreal,28.86,4.0,1,3,2,5,1,29.91,66.67,50.0,High Revenue - Low Stock,Prioritize stock replenishment for high-performing products.
30319d69-8cdb-4768-b9fa-b6ada8e0c9bf,Nike Premium Menswear,Clothing & Accessories,Nike,27.82,5.0,1,3,0,4,1,28.52,0.0,,High Revenue - Low Stock,Prioritize stock replenishment for high-performing products.
14c07dc2-75f0-4216-acdb-55564f6e212d,Kraft Premium Beverage,Grocery & Gourmet,Kraft,6.9,4.5,1,3,3,2,1,26.32,100.0,33.33,High Revenue - Low Stock,Prioritize stock replenishment for high-performing products.
189bcba6-066f-4bdc-8e8f-272e178d0552,"Nestle Pantry Staple - 32""",Grocery & Gourmet,Nestle,5.45,5.0,1,3,2,1,1,15.63,66.67,50.0,High Revenue - Low Stock,Prioritize stock replenishment for high-performing products.
12f74c19-872a-4b08-94e3-8c56c05afaa6,Sony Air Sport Watch,Electronics,Sony,281.49,5.0,1,2,4,2,1,281.19,200.0,25.0,High Revenue - Low Stock,Prioritize stock replenishment for high-performing products.
d197c826-f822-44f5-8c33-0c6bf03c787b,Puma Accessorie - Olive,Clothing & Accessories,Puma,43.29,4.7,1,2,2,2,1,85.22,100.0,50.0,High Revenue - Low Stock,Prioritize stock replenishment for high-performing products.
3dd4ff16-03ce-46f5-82c0-a73e937f0ba7,Coleman Adjustable Fitness Equipment,Sports & Outdoors,Coleman,69.88,4.0,1,2,0,2,1,73.02,0.0,,High Revenue - Low Stock,Prioritize stock replenishment for high-performing products.
c1a606fd-0ee6-405f-8706-d4d929f2a890,Nike Premium Accessorie,Clothing & Accessories,Nike,50.24,3.0,1,2,3,3,1,52.21,150.0,33.33,High Revenue - Low Stock,Prioritize stock replenishment for high-performing products.
e672476a-04a1-4d79-aecc-25c1811df7c0,Adidas Pro15 Training Shoes,Clothing & Accessories,Adidas,25.9,3.5,1,2,3,3,1,26.18,150.0,33.33,High Revenue - Low Stock,Prioritize stock replenishment for high-performing products.
c45b62ae-3dd2-45d5-ab43-f6e74a2e3cd2,The Classic Aurora,Books,Cambridge Press,12.67,4.0,3,2,4,1,1,13.12,200.0,25.0,High Revenue - Low Stock,Prioritize stock replenishment for high-performing products.
8000d2ee-72de-4530-bcee-09d140320208,Samsung Studio Noise-Canceling Headphones,Electronics,Samsung,212.43,5.0,1,1,3,1,1,219.51,300.0,33.33,High Revenue - Low Stock,Prioritize stock replenishment for high-performing products.
daac50fd-b0f3-401b-8e4f-82b6573ea539,An Premium Pioneer,Books,Simon & Schuster,16.41,4.0,1,1,2,2,1,66.28,200.0,50.0,High Revenue - Low Stock,Prioritize stock replenishment for high-performing products.
7ae6b7f0-2a30-496f-81dc-2229f4652ad5,Wilson 77L Camping Gear,Sports & Outdoors,Wilson,42.09,4.0,1,1,2,2,1,41.77,200.0,50.0,High Revenue - Low Stock,Prioritize stock replenishment for high-performing products.
9ad8f49e-aafa-48f2-bb7a-71d99ae9d860,Nestle Organic Organic Food,Grocery & Gourmet,Nestle,8.97,5.0,1,1,1,1,1,35.52,100.0,100.0,High Revenue - Low Stock,Prioritize stock replenishment for high-performing products.
4002658b-d144-4603-8452-7e18942e4e74,Modern of stars,Books,Cambridge Press,17.23,4.0,1,1,3,2,1,17.49,300.0,33.33,High Revenue - Low Stock,Prioritize stock replenishment for high-performing products.
b8cfd15d-f114-4dc4-8b81-eb89f074c4bb,L'Oreal Haircare Serum,Beauty & Personal Care,L'Oreal,14.36,,1,1,0,1,1,15.04,0.0,,High Revenue - Low Stock,Prioritize stock replenishment for high-performing products.
4890520e-e077-4212-b75c-57def8dd8cd7,The robust bear,Books,Penguin Books,10.69,3.0,1,1,0,1,1,10.92,0.0,,High Revenue - Low Stock,Prioritize stock replenishment for high-performing products.
18ac2bb9-bb4b-4d23-9114-b3bf76134b6b,Nestle Organic Pantry Staple,Grocery & Gourmet,Nestle,9.91,4.0,1,153,41,34,6,97.43,26.8,14.63,High View - Low CTR,"Optimize product thumbnail, product title, price display, product ranking, and promotional badge."
d9963a88-d54f-4a18-b655-414ea714832a,Wilson Camping Gear Kit,Sports & Outdoors,Wilson,62.65,4.3,1,139,40,25,6,495.22,28.78,15.0,High View - Low CTR,"Optimize product thumbnail, product title, price display, product ranking, and promotional badge."
be60ab9a-20b4-493b-8eb1-96560541155e,Bose Galaxy Pro11,Electronics,Bose,53.56,4.0,2,134,37,18,4,213.65,27.61,10.81,High View - Low CTR,"Optimize product thumbnail, product title, price display, product ranking, and promotional badge."
02287feb-fd4c-46db-bba2-c8fbd0059fe9,Apple Ultra Prime3,Electronics,Apple,530.27,3.3,1,121,35,28,4,2146.77,28.93,11.43,High View - Low CTR,"Optimize product thumbnail, product title, price display, product ranking, and promotional badge."
2c625841-a848-47a7-bae9-4be42c6f6846,Goodyear Fluid SAE 5W-30,Automotive,Goodyear,205.45,5.0,1,106,27,16,1,391.78,25.47,3.7,High View - Low CTR,"Optimize product thumbnail, product title, price display, product ranking, and promotional badge."
5dfa0ac8-a67b-4d42-9877-036cead74d27,Staples Printer Pro,Office Products,Staples,41.18,3.7,1,103,28,16,3,166.76,27.18,10.71,High View - Low CTR,"Optimize product thumbnail, product title, price display, product ranking, and promotional badge."
6411e0b8-d915-4f88-83c3-b81148416eea,Cuisinart Furniture Set,Home & Kitchen,Cuisinart,33.06,3.8,4,94,26,20,4,165.32,27.66,15.38,High View - Low CTR,"Optimize product thumbnail, product title, price display, product ranking, and promotional badge."
83193959-a250-4c8f-a4ac-62280593a762,Timberland Adjustable Fitness Equipment,Sports & Outdoors,Timberland,88.66,5.0,1,92,25,15,1,90.65,27.17,4.0,High View - Low CTR,"Optimize product thumbnail, product title, price display, product ranking, and promotional badge."
279e9971-91eb-4601-99cc-a3f3a1bfbe83,Apple Classic Smartwatch,Electronics,Apple,77.92,3.5,1,86,24,11,2,154.44,27.91,8.33,High View - Low CTR,"Optimize product thumbnail, product title, price display, product ranking, and promotional badge."
8b90ec3c-b810-484a-8a6e-3631149ecacb,Goodyear Car Accessorie - Navy,Automotive,Goodyear,53.23,4.0,2,85,25,8,1,54.34,29.41,4.0,High View - Low CTR,"Optimize product thumbnail, product title, price display, product ranking, and promotional badge."
bd62a52c-fda1-4881-9d1a-6193ced2fca2,Fellowes Premium Stationery Set,Office Products,Fellowes,24.55,5.0,5,80,21,15,1,25.6,26.25,4.76,High View - Low CTR,"Optimize product thumbnail, product title, price display, product ranking, and promotional badge."
7b32ddb0-3ecc-4e67-a448-e9e9311f6379,Nestle Snack Variety Pack,Grocery & Gourmet,Nestle,18.22,3.5,1,69,15,13,2,89.93,21.74,13.33,High View - Low CTR,"Optimize product thumbnail, product title, price display, product ranking, and promotional badge."
74073ef0-27ce-4323-a134-ae96c9cd6dca,KitchenAid Ultra-Soft Bedding,Home & Kitchen,KitchenAid,42.83,,5,62,16,11,0,0.0,25.81,0.0,High View - Low CTR,"Optimize product thumbnail, product title, price display, product ranking, and promotional badge."
037cec35-3b10-4dec-bc5d-f1872c162070,Adidas Classic Accessorie,Clothing & Accessories,Adidas,34.73,1.0,22,58,16,12,1,33.92,27.59,6.25,High View - Low CTR,"Optimize product thumbnail, product title, price display, product ranking, and promotional badge."
a23bf6eb-55dc-486b-934c-2af91e7e1b11,Apple Z19 Smartphone,Electronics,Apple,208.83,4.0,1,56,13,11,4,1059.09,23.21,30.77,High View - Low CTR,"Optimize product thumbnail, product title, price display, product ranking, and promotional badge."
11be4dba-b87b-40c3-bad6-8ceb3e4d9bcc,Zara Casual Menswear,Clothing & Accessories,Zara,27.7,,1,53,8,8,2,84.88,15.09,25.0,High View - Low CTR,"Optimize product thumbnail, product title, price display, product ranking, and promotional badge."
8d0e558c-e441-49cc-8b6c-eb1cb7b2c999,Superior vanguard Adventure,Books,Penguin Books,18.81,5.0,1,53,15,7,1,36.2,28.3,6.67,High View - Low CTR,"Optimize product thumbnail, product title, price display, product ranking, and promotional badge."
